date,bitcoin,bitcoin_unscaled,bitcoin_monthly,scale
2015-01-01,1.5,50,3.0,0.03
2015-01-02,1.44,48,3.0,0.03
2015-01-03,1.56,52,3.0,0.03
2015-01-04,1.95,65,3.0,0.03
2015-01-05,2.2199999999999998,74,3.0,0.03
2015-01-06,2.04,68,3.0,0.03
2015-01-07,1.6199999999999999,54,3.0,0.03
2015-01-08,1.92,64,3.0,0.03
2015-01-09,1.7999999999999998,60,3.0,0.03
2015-01-10,1.74,58,3.0,0.03
2015-01-11,1.5899999999999999,53,3.0,0.03
2015-01-12,1.6199999999999999,54,3.0,0.03
2015-01-13,1.77,59,3.0,0.03
2015-01-14,3.0,100,3.0,0.03
2015-01-15,2.79,93,3.0,0.03
2015-01-16,2.28,76,3.0,0.03
2015-01-17,1.8599999999999999,62,3.0,0.03
2015-01-18,1.65,55,3.0,0.03
2015-01-19,1.56,52,3.0,0.03
2015-01-20,1.56,52,3.0,0.03
2015-01-21,1.68,56,3.0,0.03
2015-01-22,1.74,58,3.0,0.03
2015-01-23,1.68,56,3.0,0.03
2015-01-24,1.74,58,3.0,0.03
2015-01-25,1.5,50,3.0,0.03
2015-01-26,2.76,92,3.0,0.03
2015-01-27,2.13,71,3.0,0.03
2015-01-28,1.95,65,3.0,0.03
2015-01-29,1.71,57,3.0,0.03
2015-01-30,1.5899999999999999,53,3.0,0.03
2015-01-31,1.41,47,3.0,0.03
2015-02-01,1.2,40,3.0,0.03
2015-02-02,0.84,28,3.0,0.03
2015-02-03,1.1099999999999999,37,3.0,0.03
2015-02-04,1.08,36,3.0,0.03
2015-02-05,1.14,38,3.0,0.03
2015-02-06,1.26,42,3.0,0.03
2015-02-07,1.7999999999999998,60,3.0,0.03
2015-02-08,1.2,40,3.0,0.03
2015-02-09,1.3199999999999998,44,3.0,0.03
2015-02-10,1.26,42,3.0,0.03
2015-02-11,1.1099999999999999,37,3.0,0.03
2015-02-12,1.17,39,3.0,0.03
2015-02-13,1.23,41,3.0,0.03
2015-02-14,1.17,39,3.0,0.03
2015-02-15,0.8999999999999999,30,3.0,0.03
2015-02-16,1.08,36,3.0,0.03
2015-02-17,1.26,42,3.0,0.03
2015-02-18,1.17,39,3.0,0.03
2015-02-19,1.53,51,3.0,0.03
2015-02-20,3.0,100,3.0,0.03
2015-02-21,1.44,48,3.0,0.03
2015-02-22,1.3199999999999998,44,3.0,0.03
2015-02-23,1.17,39,3.0,0.03
2015-02-24,1.17,39,3.0,0.03
2015-02-25,1.1099999999999999,37,3.0,0.03
2015-02-26,0.96,32,3.0,0.03
2015-02-27,1.29,43,3.0,0.03
2015-02-28,0.87,29,3.0,0.03
2015-03-01,1.46,73,2.0,0.02
2015-03-02,1.6600000000000001,83,2.0,0.02
2015-03-03,1.62,81,2.0,0.02
2015-03-04,1.52,76,2.0,0.02
2015-03-05,1.68,84,2.0,0.02
2015-03-06,1.78,89,2.0,0.02
2015-03-07,1.84,92,2.0,0.02
2015-03-08,1.56,78,2.0,0.02
2015-03-09,1.3800000000000001,69,2.0,0.02
2015-03-10,1.94,97,2.0,0.02
2015-03-11,1.7,85,2.0,0.02
2015-03-12,1.48,74,2.0,0.02
2015-03-13,1.68,84,2.0,0.02
2015-03-14,1.36,68,2.0,0.02
2015-03-15,1.46,73,2.0,0.02
2015-03-16,1.68,84,2.0,0.02
2015-03-17,1.62,81,2.0,0.02
2015-03-18,1.62,81,2.0,0.02
2015-03-19,1.8,90,2.0,0.02
2015-03-20,1.7,85,2.0,0.02
2015-03-21,1.18,59,2.0,0.02
2015-03-22,1.78,89,2.0,0.02
2015-03-23,1.44,72,2.0,0.02
2015-03-24,1.6600000000000001,83,2.0,0.02
2015-03-25,1.7,85,2.0,0.02
2015-03-26,1.44,72,2.0,0.02
2015-03-27,1.48,74,2.0,0.02
2015-03-28,1.16,58,2.0,0.02
2015-03-29,1.26,63,2.0,0.02
2015-03-30,2.0,100,2.0,0.02
2015-03-31,1.8800000000000001,94,2.0,0.02
2015-04-01,1.98,99,2.0,0.02
2015-04-02,1.8,90,2.0,0.02
2015-04-03,1.56,78,2.0,0.02
2015-04-04,1.6400000000000001,82,2.0,0.02
2015-04-05,1.46,73,2.0,0.02
2015-04-06,2.0,100,2.0,0.02
2015-04-07,1.72,86,2.0,0.02
2015-04-08,1.92,96,2.0,0.02
2015-04-09,1.76,88,2.0,0.02
2015-04-10,1.7,85,2.0,0.02
2015-04-11,1.34,67,2.0,0.02
2015-04-12,1.56,78,2.0,0.02
2015-04-13,1.86,93,2.0,0.02
2015-04-14,1.8,90,2.0,0.02
2015-04-15,1.6,80,2.0,0.02
2015-04-16,1.6,80,2.0,0.02
2015-04-17,1.44,72,2.0,0.02
2015-04-18,1.3,65,2.0,0.02
2015-04-19,1.6400000000000001,82,2.0,0.02
2015-04-20,1.48,74,2.0,0.02
2015-04-21,1.6,80,2.0,0.02
2015-04-22,1.72,86,2.0,0.02
2015-04-23,1.6,80,2.0,0.02
2015-04-24,1.3800000000000001,69,2.0,0.02
2015-04-25,1.28,64,2.0,0.02
2015-04-26,1.54,77,2.0,0.02
2015-04-27,1.62,81,2.0,0.02
2015-04-28,1.56,78,2.0,0.02
2015-04-29,1.54,77,2.0,0.02
2015-04-30,1.98,99,2.0,0.02
2015-05-01,1.28,64,2.0,0.02
2015-05-02,1.24,62,2.0,0.02
2015-05-03,1.2,60,2.0,0.02
2015-05-04,0.9400000000000001,47,2.0,0.02
2015-05-05,1.32,66,2.0,0.02
2015-05-06,1.1400000000000001,57,2.0,0.02
2015-05-07,1.1400000000000001,57,2.0,0.02
2015-05-08,1.22,61,2.0,0.02
2015-05-09,1.0,50,2.0,0.02
2015-05-10,1.04,52,2.0,0.02
2015-05-11,1.2,60,2.0,0.02
2015-05-12,1.2,60,2.0,0.02
2015-05-13,1.32,66,2.0,0.02
2015-05-14,2.0,100,2.0,0.02
2015-05-15,1.34,67,2.0,0.02
2015-05-16,1.1,55,2.0,0.02
2015-05-17,1.16,58,2.0,0.02
2015-05-18,1.02,51,2.0,0.02
2015-05-19,1.24,62,2.0,0.02
2015-05-20,1.48,74,2.0,0.02
2015-05-21,1.2,60,2.0,0.02
2015-05-22,1.1,55,2.0,0.02
2015-05-23,1.24,62,2.0,0.02
2015-05-24,1.06,53,2.0,0.02
2015-05-25,1.26,63,2.0,0.02
2015-05-26,1.12,56,2.0,0.02
2015-05-27,1.22,61,2.0,0.02
2015-05-28,1.16,58,2.0,0.02
2015-05-29,1.32,66,2.0,0.02
2015-05-30,1.68,84,2.0,0.02
2015-05-31,1.48,74,2.0,0.02
2015-06-01,0.54,27,2.0,0.02
2015-06-02,0.46,23,2.0,0.02
2015-06-03,0.62,31,2.0,0.02
2015-06-04,0.52,26,2.0,0.02
2015-06-05,0.5,25,2.0,0.02
2015-06-06,0.52,26,2.0,0.02
2015-06-07,0.5,25,2.0,0.02
2015-06-08,0.5,25,2.0,0.02
2015-06-09,0.46,23,2.0,0.02
2015-06-10,0.42,21,2.0,0.02
2015-06-11,0.5,25,2.0,0.02
2015-06-12,0.54,27,2.0,0.02
2015-06-13,0.34,17,2.0,0.02
2015-06-14,0.36,18,2.0,0.02
2015-06-15,0.46,23,2.0,0.02
2015-06-16,0.5,25,2.0,0.02
2015-06-17,0.6,30,2.0,0.02
2015-06-18,2.0,100,2.0,0.02
2015-06-19,0.8,40,2.0,0.02
2015-06-20,0.74,37,2.0,0.02
2015-06-21,0.56,28,2.0,0.02
2015-06-22,0.56,28,2.0,0.02
2015-06-23,0.56,28,2.0,0.02
2015-06-24,0.6,30,2.0,0.02
2015-06-25,0.74,37,2.0,0.02
2015-06-26,0.5,25,2.0,0.02
2015-06-27,0.66,33,2.0,0.02
2015-06-28,0.66,33,2.0,0.02
2015-06-29,0.72,36,2.0,0.02
2015-06-30,0.8,40,2.0,0.02
2015-07-01,1.54,77,2.0,0.02
2015-07-02,1.54,77,2.0,0.02
2015-07-03,1.34,67,2.0,0.02
2015-07-04,1.6600000000000001,83,2.0,0.02
2015-07-05,1.3800000000000001,69,2.0,0.02
2015-07-06,1.6,80,2.0,0.02
2015-07-07,1.56,78,2.0,0.02
2015-07-08,1.8,90,2.0,0.02
2015-07-09,1.44,72,2.0,0.02
2015-07-10,1.9000000000000001,95,2.0,0.02
2015-07-11,1.32,66,2.0,0.02
2015-07-12,2.0,100,2.0,0.02
2015-07-13,1.6400000000000001,82,2.0,0.02
2015-07-14,1.52,76,2.0,0.02
2015-07-15,1.48,74,2.0,0.02
2015-07-16,1.4000000000000001,70,2.0,0.02
2015-07-17,1.32,66,2.0,0.02
2015-07-18,1.36,68,2.0,0.02
2015-07-19,1.32,66,2.0,0.02
2015-07-20,1.22,61,2.0,0.02
2015-07-21,1.16,58,2.0,0.02
2015-07-22,1.36,68,2.0,0.02
2015-07-23,1.32,66,2.0,0.02
2015-07-24,1.32,66,2.0,0.02
2015-07-25,1.3,65,2.0,0.02
2015-07-26,1.36,68,2.0,0.02
2015-07-27,1.52,76,2.0,0.02
2015-07-28,1.56,78,2.0,0.02
2015-07-29,1.2,60,2.0,0.02
2015-07-30,1.22,61,2.0,0.02
2015-07-31,1.2,60,2.0,0.02
2015-08-01,2.0,100,2.0,0.02
2015-08-02,1.56,78,2.0,0.02
2015-08-03,1.48,74,2.0,0.02
2015-08-04,1.54,77,2.0,0.02
2015-08-05,1.3,65,2.0,0.02
2015-08-06,1.2,60,2.0,0.02
2015-08-07,1.02,51,2.0,0.02
2015-08-08,1.3,65,2.0,0.02
2015-08-09,1.34,67,2.0,0.02
2015-08-10,1.1400000000000001,57,2.0,0.02
2015-08-11,1.32,66,2.0,0.02
2015-08-12,1.28,64,2.0,0.02
2015-08-13,1.28,64,2.0,0.02
2015-08-14,1.08,54,2.0,0.02
2015-08-15,1.2,60,2.0,0.02
2015-08-16,1.32,66,2.0,0.02
2015-08-17,1.18,59,2.0,0.02
2015-08-18,1.4000000000000001,70,2.0,0.02
2015-08-19,1.72,86,2.0,0.02
2015-08-20,1.48,74,2.0,0.02
2015-08-21,1.36,68,2.0,0.02
2015-08-22,1.26,63,2.0,0.02
2015-08-23,1.4000000000000001,70,2.0,0.02
2015-08-24,1.6600000000000001,83,2.0,0.02
2015-08-25,1.54,77,2.0,0.02
2015-08-26,1.42,71,2.0,0.02
2015-08-27,1.24,62,2.0,0.02
2015-08-28,1.16,58,2.0,0.02
2015-08-29,1.22,61,2.0,0.02
2015-08-30,1.22,61,2.0,0.02
2015-08-31,1.02,51,2.0,0.02
2015-09-01,1.68,84,2.0,0.02
2015-09-02,1.72,86,2.0,0.02
2015-09-03,1.52,76,2.0,0.02
2015-09-04,1.82,91,2.0,0.02
2015-09-05,1.52,76,2.0,0.02
2015-09-06,1.58,79,2.0,0.02
2015-09-07,1.6400000000000001,82,2.0,0.02
2015-09-08,1.72,86,2.0,0.02
2015-09-09,1.6600000000000001,83,2.0,0.02
2015-09-10,1.4000000000000001,70,2.0,0.02
2015-09-11,1.56,78,2.0,0.02
2015-09-12,1.84,92,2.0,0.02
2015-09-13,1.58,79,2.0,0.02
2015-09-14,1.7,85,2.0,0.02
2015-09-15,1.62,81,2.0,0.02
2015-09-16,1.9000000000000001,95,2.0,0.02
2015-09-17,1.8800000000000001,94,2.0,0.02
2015-09-18,1.94,97,2.0,0.02
2015-09-19,1.6,80,2.0,0.02
2015-09-20,1.5,75,2.0,0.02
2015-09-21,1.62,81,2.0,0.02
2015-09-22,1.8,90,2.0,0.02
2015-09-23,1.78,89,2.0,0.02
2015-09-24,1.46,73,2.0,0.02
2015-09-25,1.74,87,2.0,0.02
2015-09-26,1.6600000000000001,83,2.0,0.02
2015-09-27,2.0,100,2.0,0.02
2015-09-28,1.5,75,2.0,0.02
2015-09-29,1.54,77,2.0,0.02
2015-09-30,1.5,75,2.0,0.02
2015-10-01,1.08,54,2.0,0.02
2015-10-02,1.2,60,2.0,0.02
2015-10-03,1.04,52,2.0,0.02
2015-10-04,1.12,56,2.0,0.02
2015-10-05,1.24,62,2.0,0.02
2015-10-06,1.44,72,2.0,0.02
2015-10-07,1.16,58,2.0,0.02
2015-10-08,1.62,81,2.0,0.02
2015-10-09,1.4000000000000001,70,2.0,0.02
2015-10-10,1.1400000000000001,57,2.0,0.02
2015-10-11,1.12,56,2.0,0.02
2015-10-12,1.24,62,2.0,0.02
2015-10-13,1.42,71,2.0,0.02
2015-10-14,1.2,60,2.0,0.02
2015-10-15,1.12,56,2.0,0.02
2015-10-16,1.44,72,2.0,0.02
2015-10-17,1.36,68,2.0,0.02
2015-10-18,1.16,58,2.0,0.02
2015-10-19,1.24,62,2.0,0.02
2015-10-20,1.24,62,2.0,0.02
2015-10-21,1.3,65,2.0,0.02
2015-10-22,1.5,75,2.0,0.02
2015-10-23,1.2,60,2.0,0.02
2015-10-24,1.4000000000000001,70,2.0,0.02
2015-10-25,1.44,72,2.0,0.02
2015-10-26,1.28,64,2.0,0.02
2015-10-27,1.5,75,2.0,0.02
2015-10-28,1.62,81,2.0,0.02
2015-10-29,1.94,97,2.0,0.02
2015-10-30,2.0,100,2.0,0.02
2015-10-31,1.52,76,2.0,0.02
2015-11-01,1.05,35,3.0,0.03
2015-11-02,1.3499999999999999,45,3.0,0.03
2015-11-03,2.31,77,3.0,0.03
2015-11-04,3.0,100,3.0,0.03
2015-11-05,2.6399999999999997,88,3.0,0.03
2015-11-06,1.7999999999999998,60,3.0,0.03
2015-11-07,1.47,49,3.0,0.03
2015-11-08,1.17,39,3.0,0.03
2015-11-09,1.53,51,3.0,0.03
2015-11-10,1.38,46,3.0,0.03
2015-11-11,1.29,43,3.0,0.03
2015-11-12,1.14,38,3.0,0.03
2015-11-13,1.1099999999999999,37,3.0,0.03
2015-11-14,0.99,33,3.0,0.03
2015-11-15,1.08,36,3.0,0.03
2015-11-16,1.02,34,3.0,0.03
2015-11-17,1.1099999999999999,37,3.0,0.03
2015-11-18,1.05,35,3.0,0.03
2015-11-19,0.8999999999999999,30,3.0,0.03
2015-11-20,1.1099999999999999,37,3.0,0.03
2015-11-21,1.05,35,3.0,0.03
2015-11-22,0.8099999999999999,27,3.0,0.03
2015-11-23,0.87,29,3.0,0.03
2015-11-24,0.87,29,3.0,0.03
2015-11-25,0.87,29,3.0,0.03
2015-11-26,0.9299999999999999,31,3.0,0.03
2015-11-27,0.96,32,3.0,0.03
2015-11-28,1.14,38,3.0,0.03
2015-11-29,1.02,34,3.0,0.03
2015-11-30,1.05,35,3.0,0.03
2015-12-01,1.17,39,3.0,0.03
2015-12-02,1.17,39,3.0,0.03
2015-12-03,1.05,35,3.0,0.03
2015-12-04,1.05,35,3.0,0.03
2015-12-05,1.05,35,3.0,0.03
2015-12-06,1.2,40,3.0,0.03
2015-12-07,1.23,41,3.0,0.03
2015-12-08,1.77,59,3.0,0.03
2015-12-09,3.0,100,3.0,0.03
2015-12-10,2.13,71,3.0,0.03
2015-12-11,1.68,56,3.0,0.03
2015-12-12,1.47,49,3.0,0.03
2015-12-13,1.6199999999999999,54,3.0,0.03
2015-12-14,1.3499999999999999,45,3.0,0.03
2015-12-15,1.53,51,3.0,0.03
2015-12-16,1.53,51,3.0,0.03
2015-12-17,1.3499999999999999,45,3.0,0.03
2015-12-18,1.38,46,3.0,0.03
2015-12-19,1.3199999999999998,44,3.0,0.03
2015-12-20,1.02,34,3.0,0.03
2015-12-21,1.14,38,3.0,0.03
2015-12-22,1.14,38,3.0,0.03
2015-12-23,1.26,42,3.0,0.03
2015-12-24,1.3199999999999998,44,3.0,0.03
2015-12-25,1.3499999999999999,45,3.0,0.03
2015-12-26,1.44,48,3.0,0.03
2015-12-27,1.23,41,3.0,0.03
2015-12-28,1.3199999999999998,44,3.0,0.03
2015-12-29,1.17,39,3.0,0.03
2015-12-30,1.17,39,3.0,0.03
2015-12-31,0.9299999999999999,31,3.0,0.03
2016-01-01,1.5,50,3.0,0.03
2016-01-02,1.68,56,3.0,0.03
2016-01-03,1.7999999999999998,60,3.0,0.03
2016-01-04,1.92,64,3.0,0.03
2016-01-05,2.1,70,3.0,0.03
2016-01-06,2.01,67,3.0,0.03
2016-01-07,2.6399999999999997,88,3.0,0.03
2016-01-08,2.37,79,3.0,0.03
2016-01-09,1.98,66,3.0,0.03
2016-01-10,1.44,48,3.0,0.03
2016-01-11,1.89,63,3.0,0.03
2016-01-12,1.65,55,3.0,0.03
2016-01-13,1.8299999999999998,61,3.0,0.03
2016-01-14,1.8299999999999998,61,3.0,0.03
2016-01-15,3.0,100,3.0,0.03
2016-01-16,3.0,100,3.0,0.03
2016-01-17,2.52,84,3.0,0.03
2016-01-18,2.37,79,3.0,0.03
2016-01-19,2.28,76,3.0,0.03
2016-01-20,2.31,77,3.0,0.03
2016-01-21,2.28,76,3.0,0.03
2016-01-22,2.07,69,3.0,0.03
2016-01-23,1.89,63,3.0,0.03
2016-01-24,1.71,57,3.0,0.03
2016-01-25,1.7999999999999998,60,3.0,0.03
2016-01-26,1.95,65,3.0,0.03
2016-01-27,1.92,64,3.0,0.03
2016-01-28,1.7999999999999998,60,3.0,0.03
2016-01-29,1.95,65,3.0,0.03
2016-01-30,1.71,57,3.0,0.03
2016-01-31,1.71,57,3.0,0.03
2016-02-01,1.41,47,3.0,0.03
2016-02-02,1.44,48,3.0,0.03
2016-02-03,1.47,49,3.0,0.03
2016-02-04,1.56,52,3.0,0.03
2016-02-05,1.44,48,3.0,0.03
2016-02-06,1.5,50,3.0,0.03
2016-02-07,1.5899999999999999,53,3.0,0.03
2016-02-08,1.38,46,3.0,0.03
2016-02-09,1.5899999999999999,53,3.0,0.03
2016-02-10,1.53,51,3.0,0.03
2016-02-11,1.89,63,3.0,0.03
2016-02-12,1.6199999999999999,54,3.0,0.03
2016-02-13,1.71,57,3.0,0.03
2016-02-14,1.8299999999999998,61,3.0,0.03
2016-02-15,2.16,72,3.0,0.03
2016-02-16,1.98,66,3.0,0.03
2016-02-17,2.1,70,3.0,0.03
2016-02-18,3.0,100,3.0,0.03
2016-02-19,2.4299999999999997,81,3.0,0.03
2016-02-20,2.1,70,3.0,0.03
2016-02-21,1.98,66,3.0,0.03
2016-02-22,1.74,58,3.0,0.03
2016-02-23,1.7999999999999998,60,3.0,0.03
2016-02-24,2.1,70,3.0,0.03
2016-02-25,1.68,56,3.0,0.03
2016-02-26,1.98,66,3.0,0.03
2016-02-27,1.74,58,3.0,0.03
2016-02-28,1.71,57,3.0,0.03
2016-02-29,1.56,52,3.0,0.03
2016-03-01,1.76,88,2.0,0.02
2016-03-02,1.68,84,2.0,0.02
2016-03-03,2.0,100,2.0,0.02
2016-03-04,1.68,84,2.0,0.02
2016-03-05,2.0,100,2.0,0.02
2016-03-06,1.52,76,2.0,0.02
2016-03-07,1.68,84,2.0,0.02
2016-03-08,1.6400000000000001,82,2.0,0.02
2016-03-09,1.72,86,2.0,0.02
2016-03-10,1.54,77,2.0,0.02
2016-03-11,1.54,77,2.0,0.02
2016-03-12,1.62,81,2.0,0.02
2016-03-13,1.42,71,2.0,0.02
2016-03-14,1.62,81,2.0,0.02
2016-03-15,1.68,84,2.0,0.02
2016-03-16,1.44,72,2.0,0.02
2016-03-17,1.6400000000000001,82,2.0,0.02
2016-03-18,1.44,72,2.0,0.02
2016-03-19,1.42,71,2.0,0.02
2016-03-20,1.68,84,2.0,0.02
2016-03-21,1.56,78,2.0,0.02
2016-03-22,1.42,71,2.0,0.02
2016-03-23,1.4000000000000001,70,2.0,0.02
2016-03-24,1.32,66,2.0,0.02
2016-03-25,1.32,66,2.0,0.02
2016-03-26,1.26,63,2.0,0.02
2016-03-27,1.42,71,2.0,0.02
2016-03-28,1.6,80,2.0,0.02
2016-03-29,1.4000000000000001,70,2.0,0.02
2016-03-30,1.54,77,2.0,0.02
2016-03-31,1.74,87,2.0,0.02
2016-04-01,1.52,76,2.0,0.02
2016-04-02,1.56,78,2.0,0.02
2016-04-03,1.44,72,2.0,0.02
2016-04-04,1.48,74,2.0,0.02
2016-04-05,1.8,90,2.0,0.02
2016-04-06,1.48,74,2.0,0.02
2016-04-07,1.68,84,2.0,0.02
2016-04-08,1.6600000000000001,83,2.0,0.02
2016-04-09,1.3800000000000001,69,2.0,0.02
2016-04-10,1.8,90,2.0,0.02
2016-04-11,1.74,87,2.0,0.02
2016-04-12,1.58,79,2.0,0.02
2016-04-13,1.58,79,2.0,0.02
2016-04-14,1.5,75,2.0,0.02
2016-04-15,1.4000000000000001,70,2.0,0.02
2016-04-16,1.7,85,2.0,0.02
2016-04-17,1.46,73,2.0,0.02
2016-04-18,1.52,76,2.0,0.02
2016-04-19,1.7,85,2.0,0.02
2016-04-20,1.56,78,2.0,0.02
2016-04-21,1.84,92,2.0,0.02
2016-04-22,1.6400000000000001,82,2.0,0.02
2016-04-23,1.62,81,2.0,0.02
2016-04-24,1.98,99,2.0,0.02
2016-04-25,1.8,90,2.0,0.02
2016-04-26,1.8,90,2.0,0.02
2016-04-27,2.0,100,2.0,0.02
2016-04-28,1.98,99,2.0,0.02
2016-04-29,1.6600000000000001,83,2.0,0.02
2016-04-30,1.82,91,2.0,0.02
2016-05-01,0.96,32,3.0,0.03
2016-05-02,3.0,100,3.0,0.03
2016-05-03,1.8299999999999998,61,3.0,0.03
2016-05-04,1.3199999999999998,44,3.0,0.03
2016-05-05,1.44,48,3.0,0.03
2016-05-06,1.29,43,3.0,0.03
2016-05-07,1.26,42,3.0,0.03
2016-05-08,1.1099999999999999,37,3.0,0.03
2016-05-09,1.23,41,3.0,0.03
2016-05-10,1.17,39,3.0,0.03
2016-05-11,1.08,36,3.0,0.03
2016-05-12,1.14,38,3.0,0.03
2016-05-13,1.05,35,3.0,0.03
2016-05-14,0.99,33,3.0,0.03
2016-05-15,0.99,33,3.0,0.03
2016-05-16,0.9299999999999999,31,3.0,0.03
2016-05-17,1.08,36,3.0,0.03
2016-05-18,0.96,32,3.0,0.03
2016-05-19,1.02,34,3.0,0.03
2016-05-20,1.2,40,3.0,0.03
2016-05-21,1.02,34,3.0,0.03
2016-05-22,0.9299999999999999,31,3.0,0.03
2016-05-23,0.9299999999999999,31,3.0,0.03
2016-05-24,1.02,34,3.0,0.03
2016-05-25,0.99,33,3.0,0.03
2016-05-26,0.8999999999999999,30,3.0,0.03
2016-05-27,1.17,39,3.0,0.03
2016-05-28,1.47,49,3.0,0.03
2016-05-29,1.6199999999999999,54,3.0,0.03
2016-05-30,1.53,51,3.0,0.03
2016-05-31,1.44,48,3.0,0.03
2016-06-01,1.96,49,4.0,0.04
2016-06-02,1.76,44,4.0,0.04
2016-06-03,2.0,50,4.0,0.04
2016-06-04,1.84,46,4.0,0.04
2016-06-05,1.76,44,4.0,0.04
2016-06-06,2.08,52,4.0,0.04
2016-06-07,1.96,49,4.0,0.04
2016-06-08,1.76,44,4.0,0.04
2016-06-09,1.68,42,4.0,0.04
2016-06-10,1.6400000000000001,41,4.0,0.04
2016-06-11,1.56,39,4.0,0.04
2016-06-12,2.84,71,4.0,0.04
2016-06-13,3.44,86,4.0,0.04
2016-06-14,2.7600000000000002,69,4.0,0.04
2016-06-15,2.56,64,4.0,0.04
2016-06-16,3.44,86,4.0,0.04
2016-06-17,3.2,80,4.0,0.04
2016-06-18,2.64,66,4.0,0.04
2016-06-19,2.32,58,4.0,0.04
2016-06-20,2.4,60,4.0,0.04
2016-06-21,2.96,74,4.0,0.04
2016-06-22,2.44,61,4.0,0.04
2016-06-23,2.92,73,4.0,0.04
2016-06-24,4.0,100,4.0,0.04
2016-06-25,2.8000000000000003,70,4.0,0.04
2016-06-26,2.12,53,4.0,0.04
2016-06-27,2.2800000000000002,57,4.0,0.04
2016-06-28,2.16,54,4.0,0.04
2016-06-29,2.0,50,4.0,0.04
2016-06-30,2.08,52,4.0,0.04
2016-07-01,2.19,73,3.0,0.03
2016-07-02,1.98,66,3.0,0.03
2016-07-03,1.95,65,3.0,0.03
2016-07-04,1.89,63,3.0,0.03
2016-07-05,1.89,63,3.0,0.03
2016-07-06,2.13,71,3.0,0.03
2016-07-07,2.16,72,3.0,0.03
2016-07-08,1.8299999999999998,61,3.0,0.03
2016-07-09,3.0,100,3.0,0.03
2016-07-10,2.25,75,3.0,0.03
2016-07-11,2.07,69,3.0,0.03
2016-07-12,1.98,66,3.0,0.03
2016-07-13,1.71,57,3.0,0.03
2016-07-14,1.65,55,3.0,0.03
2016-07-15,1.71,57,3.0,0.03
2016-07-16,1.8299999999999998,61,3.0,0.03
2016-07-17,1.6199999999999999,54,3.0,0.03
2016-07-18,1.65,55,3.0,0.03
2016-07-19,1.6199999999999999,54,3.0,0.03
2016-07-20,1.5,50,3.0,0.03
2016-07-21,1.56,52,3.0,0.03
2016-07-22,1.44,48,3.0,0.03
2016-07-23,1.3199999999999998,44,3.0,0.03
2016-07-24,1.41,47,3.0,0.03
2016-07-25,1.47,49,3.0,0.03
2016-07-26,1.5,50,3.0,0.03
2016-07-27,1.5899999999999999,53,3.0,0.03
2016-07-28,1.41,47,3.0,0.03
2016-07-29,1.53,51,3.0,0.03
2016-07-30,1.47,49,3.0,0.03
2016-07-31,1.44,48,3.0,0.03
2016-08-01,1.14,38,3.0,0.03
2016-08-02,1.68,56,3.0,0.03
2016-08-03,3.0,100,3.0,0.03
2016-08-04,1.65,55,3.0,0.03
2016-08-05,1.38,46,3.0,0.03
2016-08-06,1.26,42,3.0,0.03
2016-08-07,1.29,43,3.0,0.03
2016-08-08,1.3199999999999998,44,3.0,0.03
2016-08-09,1.14,38,3.0,0.03
2016-08-10,1.08,36,3.0,0.03
2016-08-11,1.02,34,3.0,0.03
2016-08-12,0.87,29,3.0,0.03
2016-08-13,0.96,32,3.0,0.03
2016-08-14,0.9299999999999999,31,3.0,0.03
2016-08-15,0.99,33,3.0,0.03
2016-08-16,0.96,32,3.0,0.03
2016-08-17,1.1099999999999999,37,3.0,0.03
2016-08-18,0.99,33,3.0,0.03
2016-08-19,1.14,38,3.0,0.03
2016-08-20,0.8099999999999999,27,3.0,0.03
2016-08-21,0.8999999999999999,30,3.0,0.03
2016-08-22,0.9299999999999999,31,3.0,0.03
2016-08-23,1.08,36,3.0,0.03
2016-08-24,1.1099999999999999,37,3.0,0.03
2016-08-25,1.14,38,3.0,0.03
2016-08-26,0.99,33,3.0,0.03
2016-08-27,0.99,33,3.0,0.03
2016-08-28,0.84,28,3.0,0.03
2016-08-29,0.9299999999999999,31,3.0,0.03
2016-08-30,0.9299999999999999,31,3.0,0.03
2016-08-31,1.14,38,3.0,0.03
2016-09-01,1.68,84,2.0,0.02
2016-09-02,1.6600000000000001,83,2.0,0.02
2016-09-03,1.56,78,2.0,0.02
2016-09-04,1.84,92,2.0,0.02
2016-09-05,1.84,92,2.0,0.02
2016-09-06,1.96,98,2.0,0.02
2016-09-07,1.8,90,2.0,0.02
2016-09-08,2.0,100,2.0,0.02
2016-09-09,1.76,88,2.0,0.02
2016-09-10,1.98,99,2.0,0.02
2016-09-11,1.7,85,2.0,0.02
2016-09-12,1.92,96,2.0,0.02
2016-09-13,2.0,100,2.0,0.02
2016-09-14,1.7,85,2.0,0.02
2016-09-15,1.92,96,2.0,0.02
2016-09-16,1.86,93,2.0,0.02
2016-09-17,1.56,78,2.0,0.02
2016-09-18,1.54,77,2.0,0.02
2016-09-19,1.52,76,2.0,0.02
2016-09-20,1.8,90,2.0,0.02
2016-09-21,1.78,89,2.0,0.02
2016-09-22,1.76,88,2.0,0.02
2016-09-23,1.6400000000000001,82,2.0,0.02
2016-09-24,1.96,98,2.0,0.02
2016-09-25,1.4000000000000001,70,2.0,0.02
2016-09-26,1.6400000000000001,82,2.0,0.02
2016-09-27,1.4000000000000001,70,2.0,0.02
2016-09-28,1.52,76,2.0,0.02
2016-09-29,1.46,73,2.0,0.02
2016-09-30,1.68,84,2.0,0.02
2016-10-01,1.48,74,2.0,0.02
2016-10-02,1.56,78,2.0,0.02
2016-10-03,1.3800000000000001,69,2.0,0.02
2016-10-04,1.3800000000000001,69,2.0,0.02
2016-10-05,1.36,68,2.0,0.02
2016-10-06,1.2,60,2.0,0.02
2016-10-07,1.26,63,2.0,0.02
2016-10-08,1.2,60,2.0,0.02
2016-10-09,1.24,62,2.0,0.02
2016-10-10,1.3800000000000001,69,2.0,0.02
2016-10-11,1.6,80,2.0,0.02
2016-10-12,1.54,77,2.0,0.02
2016-10-13,1.46,73,2.0,0.02
2016-10-14,1.46,73,2.0,0.02
2016-10-15,1.24,62,2.0,0.02
2016-10-16,1.4000000000000001,70,2.0,0.02
2016-10-17,1.5,75,2.0,0.02
2016-10-18,1.28,64,2.0,0.02
2016-10-19,1.48,74,2.0,0.02
2016-10-20,1.24,62,2.0,0.02
2016-10-21,1.34,67,2.0,0.02
2016-10-22,1.6400000000000001,82,2.0,0.02
2016-10-23,1.6,80,2.0,0.02
2016-10-24,1.6,80,2.0,0.02
2016-10-25,1.62,81,2.0,0.02
2016-10-26,1.54,77,2.0,0.02
2016-10-27,1.74,87,2.0,0.02
2016-10-28,1.7,85,2.0,0.02
2016-10-29,2.0,100,2.0,0.02
2016-10-30,1.82,91,2.0,0.02
2016-10-31,1.78,89,2.0,0.02
2016-11-01,2.46,82,3.0,0.03
2016-11-02,2.25,75,3.0,0.03
2016-11-03,2.07,69,3.0,0.03
2016-11-04,2.07,69,3.0,0.03
2016-11-05,1.89,63,3.0,0.03
2016-11-06,1.7999999999999998,60,3.0,0.03
2016-11-07,1.8299999999999998,61,3.0,0.03
2016-11-08,1.6199999999999999,54,3.0,0.03
2016-11-09,3.0,100,3.0,0.03
2016-11-10,1.95,65,3.0,0.03
2016-11-11,1.74,58,3.0,0.03
2016-11-12,1.89,63,3.0,0.03
2016-11-13,1.89,63,3.0,0.03
2016-11-14,1.92,64,3.0,0.03
2016-11-15,1.98,66,3.0,0.03
2016-11-16,1.8299999999999998,61,3.0,0.03
2016-11-17,2.07,69,3.0,0.03
2016-11-18,2.16,72,3.0,0.03
2016-11-19,2.28,76,3.0,0.03
2016-11-20,1.7999999999999998,60,3.0,0.03
2016-11-21,1.7999999999999998,60,3.0,0.03
2016-11-22,2.1,70,3.0,0.03
2016-11-23,2.2199999999999998,74,3.0,0.03
2016-11-24,1.98,66,3.0,0.03
2016-11-25,1.89,63,3.0,0.03
2016-11-26,1.47,49,3.0,0.03
2016-11-27,1.77,59,3.0,0.03
2016-11-28,1.89,63,3.0,0.03
2016-11-29,1.8599999999999999,62,3.0,0.03
2016-11-30,2.37,79,3.0,0.03
2016-12-01,1.6199999999999999,54,3.0,0.03
2016-12-02,1.65,55,3.0,0.03
2016-12-03,1.44,48,3.0,0.03
2016-12-04,1.44,48,3.0,0.03
2016-12-05,1.68,56,3.0,0.03
2016-12-06,1.7999999999999998,60,3.0,0.03
2016-12-07,1.68,56,3.0,0.03
2016-12-08,1.8599999999999999,62,3.0,0.03
2016-12-09,1.65,55,3.0,0.03
2016-12-10,1.7999999999999998,60,3.0,0.03
2016-12-11,1.47,49,3.0,0.03
2016-12-12,1.56,52,3.0,0.03
2016-12-13,1.71,57,3.0,0.03
2016-12-14,1.6199999999999999,54,3.0,0.03
2016-12-15,1.47,49,3.0,0.03
2016-12-16,1.65,55,3.0,0.03
2016-12-17,1.71,57,3.0,0.03
2016-12-18,1.3199999999999998,44,3.0,0.03
2016-12-19,1.5899999999999999,53,3.0,0.03
2016-12-20,1.65,55,3.0,0.03
2016-12-21,2.25,75,3.0,0.03
2016-12-22,2.67,89,3.0,0.03
2016-12-23,3.0,100,3.0,0.03
2016-12-24,2.52,84,3.0,0.03
2016-12-25,2.4899999999999998,83,3.0,0.03
2016-12-26,2.28,76,3.0,0.03
2016-12-27,2.52,84,3.0,0.03
2016-12-28,2.88,96,3.0,0.03
2016-12-29,2.79,93,3.0,0.03
2016-12-30,2.73,91,3.0,0.03
2016-12-31,2.4299999999999997,81,3.0,0.03
2017-01-01,2.15,43,5.0,0.05
2017-01-02,3.7,74,5.0,0.05
2017-01-03,3.1,62,5.0,0.05
2017-01-04,3.6,72,5.0,0.05
2017-01-05,5.0,100,5.0,0.05
2017-01-06,4.15,83,5.0,0.05
2017-01-07,3.1500000000000004,63,5.0,0.05
2017-01-08,2.8000000000000003,56,5.0,0.05
2017-01-09,2.5500000000000003,51,5.0,0.05
2017-01-10,2.4000000000000004,48,5.0,0.05
2017-01-11,2.95,59,5.0,0.05
2017-01-12,2.8000000000000003,56,5.0,0.05
2017-01-13,2.3000000000000003,46,5.0,0.05
2017-01-14,2.2,44,5.0,0.05
2017-01-15,2.25,45,5.0,0.05
2017-01-16,2.15,43,5.0,0.05
2017-01-17,2.15,43,5.0,0.05
2017-01-18,2.0500000000000003,41,5.0,0.05
2017-01-19,2.2,44,5.0,0.05
2017-01-20,1.75,35,5.0,0.05
2017-01-21,1.85,37,5.0,0.05
2017-01-22,1.8,36,5.0,0.05
2017-01-23,1.9000000000000001,38,5.0,0.05
2017-01-24,2.0500000000000003,41,5.0,0.05
2017-01-25,1.9000000000000001,38,5.0,0.05
2017-01-26,1.9000000000000001,38,5.0,0.05
2017-01-27,1.75,35,5.0,0.05
2017-01-28,1.8,36,5.0,0.05
2017-01-29,1.85,37,5.0,0.05
2017-01-30,1.85,37,5.0,0.05
2017-01-31,1.8,36,5.0,0.05
2017-02-01,2.84,71,4.0,0.04
2017-02-02,2.92,73,4.0,0.04
2017-02-03,3.08,77,4.0,0.04
2017-02-04,2.8000000000000003,70,4.0,0.04
2017-02-05,2.48,62,4.0,0.04
2017-02-06,2.56,64,4.0,0.04
2017-02-07,2.6,65,4.0,0.04
2017-02-08,2.92,73,4.0,0.04
2017-02-09,3.0,75,4.0,0.04
2017-02-10,2.96,74,4.0,0.04
2017-02-11,2.56,64,4.0,0.04
2017-02-12,2.4,60,4.0,0.04
2017-02-13,2.48,62,4.0,0.04
2017-02-14,2.2,55,4.0,0.04
2017-02-15,2.24,56,4.0,0.04
2017-02-16,2.48,62,4.0,0.04
2017-02-17,2.24,56,4.0,0.04
2017-02-18,2.52,63,4.0,0.04
2017-02-19,2.2,55,4.0,0.04
2017-02-20,2.04,51,4.0,0.04
2017-02-21,3.12,78,4.0,0.04
2017-02-22,2.8000000000000003,70,4.0,0.04
2017-02-23,3.44,86,4.0,0.04
2017-02-24,4.0,100,4.0,0.04
2017-02-25,3.04,76,4.0,0.04
2017-02-26,2.6,65,4.0,0.04
2017-02-27,2.84,71,4.0,0.04
2017-02-28,3.04,76,4.0,0.04
2017-03-01,2.3000000000000003,46,5.0,0.05
2017-03-02,3.6,72,5.0,0.05
2017-03-03,3.9000000000000004,78,5.0,0.05
2017-03-04,2.95,59,5.0,0.05
2017-03-05,2.5500000000000003,51,5.0,0.05
2017-03-06,2.75,55,5.0,0.05
2017-03-07,2.85,57,5.0,0.05
2017-03-08,2.8000000000000003,56,5.0,0.05
2017-03-09,2.7,54,5.0,0.05
2017-03-10,5.0,100,5.0,0.05
2017-03-11,3.75,75,5.0,0.05
2017-03-12,2.8000000000000003,56,5.0,0.05
2017-03-13,2.6,52,5.0,0.05
2017-03-14,2.35,47,5.0,0.05
2017-03-15,2.5,50,5.0,0.05
2017-03-16,2.6,52,5.0,0.05
2017-03-17,2.6,52,5.0,0.05
2017-03-18,3.2,64,5.0,0.05
2017-03-19,2.7,54,5.0,0.05
2017-03-20,2.5500000000000003,51,5.0,0.05
2017-03-21,2.35,47,5.0,0.05
2017-03-22,2.4000000000000004,48,5.0,0.05
2017-03-23,2.25,45,5.0,0.05
2017-03-24,2.5500000000000003,51,5.0,0.05
2017-03-25,2.5,50,5.0,0.05
2017-03-26,2.45,49,5.0,0.05
2017-03-27,2.25,45,5.0,0.05
2017-03-28,2.1,42,5.0,0.05
2017-03-29,2.35,47,5.0,0.05
2017-03-30,1.9500000000000002,39,5.0,0.05
2017-03-31,2.1,42,5.0,0.05
2017-04-01,3.2,80,4.0,0.04
2017-04-02,2.84,71,4.0,0.04
2017-04-03,3.16,79,4.0,0.04
2017-04-04,3.44,86,4.0,0.04
2017-04-05,3.12,78,4.0,0.04
2017-04-06,3.24,81,4.0,0.04
2017-04-07,3.4,85,4.0,0.04
2017-04-08,2.84,71,4.0,0.04
2017-04-09,2.8000000000000003,70,4.0,0.04
2017-04-10,2.88,72,4.0,0.04
2017-04-11,3.2,80,4.0,0.04
2017-04-12,3.16,79,4.0,0.04
2017-04-13,3.24,81,4.0,0.04
2017-04-14,2.6,65,4.0,0.04
2017-04-15,2.88,72,4.0,0.04
2017-04-16,3.04,76,4.0,0.04
2017-04-17,3.04,76,4.0,0.04
2017-04-18,3.52,88,4.0,0.04
2017-04-19,2.92,73,4.0,0.04
2017-04-20,3.0,75,4.0,0.04
2017-04-21,3.12,78,4.0,0.04
2017-04-22,3.04,76,4.0,0.04
2017-04-23,2.68,67,4.0,0.04
2017-04-24,2.88,72,4.0,0.04
2017-04-25,3.36,84,4.0,0.04
2017-04-26,3.72,93,4.0,0.04
2017-04-27,4.0,100,4.0,0.04
2017-04-28,3.72,93,4.0,0.04
2017-04-29,3.4,85,4.0,0.04
2017-04-30,3.3200000000000003,83,4.0,0.04
2017-05-01,2.52,21,12.0,0.12
2017-05-02,2.6399999999999997,22,12.0,0.12
2017-05-03,2.52,21,12.0,0.12
2017-05-04,3.84,32,12.0,0.12
2017-05-05,2.88,24,12.0,0.12
2017-05-06,2.4,20,12.0,0.12
2017-05-07,2.4,20,12.0,0.12
2017-05-08,2.76,23,12.0,0.12
2017-05-09,3.84,32,12.0,0.12
2017-05-10,3.48,29,12.0,0.12
2017-05-11,4.08,34,12.0,0.12
2017-05-12,4.32,36,12.0,0.12
2017-05-13,4.32,36,12.0,0.12
2017-05-14,3.7199999999999998,31,12.0,0.12
2017-05-15,4.4399999999999995,37,12.0,0.12
2017-05-16,4.2,35,12.0,0.12
2017-05-17,3.5999999999999996,30,12.0,0.12
2017-05-18,3.12,26,12.0,0.12
2017-05-19,4.2,35,12.0,0.12
2017-05-20,4.4399999999999995,37,12.0,0.12
2017-05-21,4.56,38,12.0,0.12
2017-05-22,8.879999999999999,74,12.0,0.12
2017-05-23,8.64,72,12.0,0.12
2017-05-24,9.24,77,12.0,0.12
2017-05-25,12.0,100,12.0,0.12
2017-05-26,10.2,85,12.0,0.12
2017-05-27,7.319999999999999,61,12.0,0.12
2017-05-28,5.3999999999999995,45,12.0,0.12
2017-05-29,4.92,41,12.0,0.12
2017-05-30,5.3999999999999995,45,12.0,0.12
2017-05-31,5.3999999999999995,45,12.0,0.12
2017-06-01,8.64,72,12.0,0.12
2017-06-02,7.199999999999999,60,12.0,0.12
2017-06-03,7.199999999999999,60,12.0,0.12
2017-06-04,5.88,49,12.0,0.12
2017-06-05,7.319999999999999,61,12.0,0.12
2017-06-06,11.28,94,12.0,0.12
2017-06-07,10.2,85,12.0,0.12
2017-06-08,8.52,71,12.0,0.12
2017-06-09,8.4,70,12.0,0.12
2017-06-10,7.8,65,12.0,0.12
2017-06-11,8.16,68,12.0,0.12
2017-06-12,11.639999999999999,97,12.0,0.12
2017-06-13,9.12,76,12.0,0.12
2017-06-14,9.12,76,12.0,0.12
2017-06-15,12.0,100,12.0,0.12
2017-06-16,8.52,71,12.0,0.12
2017-06-17,6.72,56,12.0,0.12
2017-06-18,5.88,49,12.0,0.12
2017-06-19,6.4799999999999995,54,12.0,0.12
2017-06-20,7.68,64,12.0,0.12
2017-06-21,8.28,69,12.0,0.12
2017-06-22,7.199999999999999,60,12.0,0.12
2017-06-23,6.72,56,12.0,0.12
2017-06-24,6.24,52,12.0,0.12
2017-06-25,5.76,48,12.0,0.12
2017-06-26,7.56,63,12.0,0.12
2017-06-27,8.76,73,12.0,0.12
2017-06-28,7.56,63,12.0,0.12
2017-06-29,6.6,55,12.0,0.12
2017-06-30,5.76,48,12.0,0.12
2017-07-01,4.95,55,9.0,0.09
2017-07-02,5.85,65,9.0,0.09
2017-07-03,5.31,59,9.0,0.09
2017-07-04,5.67,63,9.0,0.09
2017-07-05,6.569999999999999,73,9.0,0.09
2017-07-06,6.21,69,9.0,0.09
2017-07-07,6.029999999999999,67,9.0,0.09
2017-07-08,5.49,61,9.0,0.09
2017-07-09,4.68,52,9.0,0.09
2017-07-10,7.109999999999999,79,9.0,0.09
2017-07-11,7.02,78,9.0,0.09
2017-07-12,7.29,81,9.0,0.09
2017-07-13,6.39,71,9.0,0.09
2017-07-14,6.569999999999999,73,9.0,0.09
2017-07-15,7.29,81,9.0,0.09
2017-07-16,8.1,90,9.0,0.09
2017-07-17,7.739999999999999,86,9.0,0.09
2017-07-18,8.28,92,9.0,0.09
2017-07-19,7.47,83,9.0,0.09
2017-07-20,8.91,99,9.0,0.09
2017-07-21,9.0,100,9.0,0.09
2017-07-22,7.02,78,9.0,0.09
2017-07-23,7.02,78,9.0,0.09
2017-07-24,7.109999999999999,79,9.0,0.09
2017-07-25,7.92,88,9.0,0.09
2017-07-26,7.199999999999999,80,9.0,0.09
2017-07-27,6.93,77,9.0,0.09
2017-07-28,8.1,90,9.0,0.09
2017-07-29,6.3,70,9.0,0.09
2017-07-30,5.85,65,9.0,0.09
2017-07-31,8.37,93,9.0,0.09
2017-08-01,16.0,100,16.0,0.16
2017-08-02,12.32,77,16.0,0.16
2017-08-03,8.16,51,16.0,0.16
2017-08-04,7.68,48,16.0,0.16
2017-08-05,10.08,63,16.0,0.16
2017-08-06,7.5200000000000005,47,16.0,0.16
2017-08-07,9.28,58,16.0,0.16
2017-08-08,9.92,62,16.0,0.16
2017-08-09,8.96,56,16.0,0.16
2017-08-10,8.0,50,16.0,0.16
2017-08-11,8.64,54,16.0,0.16
2017-08-12,10.88,68,16.0,0.16
2017-08-13,12.64,79,16.0,0.16
2017-08-14,15.52,97,16.0,0.16
2017-08-15,14.56,91,16.0,0.16
2017-08-16,12.48,78,16.0,0.16
2017-08-17,12.16,76,16.0,0.16
2017-08-18,11.040000000000001,69,16.0,0.16
2017-08-19,10.4,65,16.0,0.16
2017-08-20,9.44,59,16.0,0.16
2017-08-21,9.28,58,16.0,0.16
2017-08-22,10.88,68,16.0,0.16
2017-08-23,9.92,62,16.0,0.16
2017-08-24,9.44,59,16.0,0.16
2017-08-25,9.120000000000001,57,16.0,0.16
2017-08-26,8.16,51,16.0,0.16
2017-08-27,6.88,43,16.0,0.16
2017-08-28,7.68,48,16.0,0.16
2017-08-29,9.76,61,16.0,0.16
2017-08-30,9.76,61,16.0,0.16
2017-08-31,10.56,66,16.0,0.16
2017-09-01,10.2,68,15.0,0.15
2017-09-02,10.049999999999999,67,15.0,0.15
2017-09-03,8.7,58,15.0,0.15
2017-09-04,9.9,66,15.0,0.15
2017-09-05,9.9,66,15.0,0.15
2017-09-06,8.25,55,15.0,0.15
2017-09-07,7.199999999999999,48,15.0,0.15
2017-09-08,9.0,60,15.0,0.15
2017-09-09,6.75,45,15.0,0.15
2017-09-10,6.1499999999999995,41,15.0,0.15
2017-09-11,7.05,47,15.0,0.15
2017-09-12,8.85,59,15.0,0.15
2017-09-13,11.25,75,15.0,0.15
2017-09-14,15.0,100,15.0,0.15
2017-09-15,14.85,99,15.0,0.15
2017-09-16,8.7,58,15.0,0.15
2017-09-17,7.5,50,15.0,0.15
2017-09-18,8.85,59,15.0,0.15
2017-09-19,8.4,56,15.0,0.15
2017-09-20,6.8999999999999995,46,15.0,0.15
2017-09-21,7.949999999999999,53,15.0,0.15
2017-09-22,7.199999999999999,48,15.0,0.15
2017-09-23,5.55,37,15.0,0.15
2017-09-24,5.1,34,15.0,0.15
2017-09-25,6.45,43,15.0,0.15
2017-09-26,6.0,40,15.0,0.15
2017-09-27,6.75,45,15.0,0.15
2017-09-28,6.6,44,15.0,0.15
2017-09-29,6.3,42,15.0,0.15
2017-09-30,5.85,39,15.0,0.15
2017-10-01,5.92,37,16.0,0.16
2017-10-02,6.4,40,16.0,0.16
2017-10-03,6.5600000000000005,41,16.0,0.16
2017-10-04,6.08,38,16.0,0.16
2017-10-05,6.24,39,16.0,0.16
2017-10-06,5.92,37,16.0,0.16
2017-10-07,5.6000000000000005,35,16.0,0.16
2017-10-08,5.92,37,16.0,0.16
2017-10-09,7.5200000000000005,47,16.0,0.16
2017-10-10,8.16,51,16.0,0.16
2017-10-11,7.36,46,16.0,0.16
2017-10-12,14.24,89,16.0,0.16
2017-10-13,16.0,100,16.0,0.16
2017-10-14,10.4,65,16.0,0.16
2017-10-15,9.92,62,16.0,0.16
2017-10-16,10.56,66,16.0,0.16
2017-10-17,10.24,64,16.0,0.16
2017-10-18,10.56,66,16.0,0.16
2017-10-19,9.76,61,16.0,0.16
2017-10-20,12.48,78,16.0,0.16
2017-10-21,13.280000000000001,83,16.0,0.16
2017-10-22,10.08,63,16.0,0.16
2017-10-23,11.040000000000001,69,16.0,0.16
2017-10-24,12.64,79,16.0,0.16
2017-10-25,12.0,75,16.0,0.16
2017-10-26,11.68,73,16.0,0.16
2017-10-27,10.24,64,16.0,0.16
2017-10-28,9.120000000000001,57,16.0,0.16
2017-10-29,9.28,58,16.0,0.16
2017-10-30,10.88,68,16.0,0.16
2017-10-31,13.120000000000001,82,16.0,0.16
2017-11-01,8.36,22,38.0,0.38
2017-11-02,11.78,31,38.0,0.38
2017-11-03,9.5,25,38.0,0.38
2017-11-04,8.36,22,38.0,0.38
2017-11-05,7.6,20,38.0,0.38
2017-11-06,7.98,21,38.0,0.38
2017-11-07,7.98,21,38.0,0.38
2017-11-08,8.36,22,38.0,0.38
2017-11-09,7.22,19,38.0,0.38
2017-11-10,9.88,26,38.0,0.38
2017-11-11,9.120000000000001,24,38.0,0.38
2017-11-12,10.64,28,38.0,0.38
2017-11-13,9.5,25,38.0,0.38
2017-11-14,7.6,20,38.0,0.38
2017-11-15,7.6,20,38.0,0.38
2017-11-16,7.98,21,38.0,0.38
2017-11-17,10.26,27,38.0,0.38
2017-11-18,7.98,21,38.0,0.38
2017-11-19,7.6,20,38.0,0.38
2017-11-20,8.74,23,38.0,0.38
2017-11-21,10.26,27,38.0,0.38
2017-11-22,7.98,21,38.0,0.38
2017-11-23,7.6,20,38.0,0.38
2017-11-24,7.98,21,38.0,0.38
2017-11-25,7.98,21,38.0,0.38
2017-11-26,12.92,34,38.0,0.38
2017-11-27,16.72,44,38.0,0.38
2017-11-28,22.04,58,38.0,0.38
2017-11-29,38.0,100,38.0,0.38
2017-11-30,30.4,80,38.0,0.38
2017-12-01,34.0,34,100.0,1.0
2017-12-02,26.0,26,100.0,1.0
2017-12-03,24.0,24,100.0,1.0
2017-12-04,29.0,29,100.0,1.0
2017-12-05,28.0,28,100.0,1.0
2017-12-06,42.0,42,100.0,1.0
2017-12-07,100.0,100,100.0,1.0
2017-12-08,86.0,86,100.0,1.0
2017-12-09,56.0,56,100.0,1.0
2017-12-10,49.0,49,100.0,1.0
2017-12-11,59.0,59,100.0,1.0
2017-12-12,57.0,57,100.0,1.0
2017-12-13,48.0,48,100.0,1.0
2017-12-14,40.0,40,100.0,1.0
2017-12-15,37.0,37,100.0,1.0
2017-12-16,38.0,38,100.0,1.0
2017-12-17,40.0,40,100.0,1.0
2017-12-18,41.0,41,100.0,1.0
2017-12-19,42.0,42,100.0,1.0
2017-12-20,70.0,70,100.0,1.0
2017-12-21,45.0,45,100.0,1.0
2017-12-22,92.0,92,100.0,1.0
2017-12-23,56.0,56,100.0,1.0
2017-12-24,38.0,38,100.0,1.0
2017-12-25,33.0,33,100.0,1.0
2017-12-26,33.0,33,100.0,1.0
2017-12-27,31.0,31,100.0,1.0
2017-12-28,32.0,32,100.0,1.0
2017-12-29,28.0,28,100.0,1.0
2017-12-30,25.0,25,100.0,1.0
2017-12-31,21.0,21,100.0,1.0
2018-01-01,16.0,32,50.0,0.5
2018-01-02,24.5,49,50.0,0.5
2018-01-03,24.0,48,50.0,0.5
2018-01-04,22.0,44,50.0,0.5
2018-01-05,22.0,44,50.0,0.5
2018-01-06,20.0,40,50.0,0.5
2018-01-07,18.5,37,50.0,0.5
2018-01-08,22.0,44,50.0,0.5
2018-01-09,20.0,40,50.0,0.5
2018-01-10,20.5,41,50.0,0.5
2018-01-11,25.0,50,50.0,0.5
2018-01-12,19.0,38,50.0,0.5
2018-01-13,15.5,31,50.0,0.5
2018-01-14,14.0,28,50.0,0.5
2018-01-15,14.0,28,50.0,0.5
2018-01-16,36.0,72,50.0,0.5
2018-01-17,50.0,100,50.0,0.5
2018-01-18,34.0,68,50.0,0.5
2018-01-19,21.0,42,50.0,0.5
2018-01-20,16.5,33,50.0,0.5
2018-01-21,15.0,30,50.0,0.5
2018-01-22,19.0,38,50.0,0.5
2018-01-23,20.0,40,50.0,0.5
2018-01-24,17.5,35,50.0,0.5
2018-01-25,17.0,34,50.0,0.5
2018-01-26,17.0,34,50.0,0.5
2018-01-27,14.0,28,50.0,0.5
2018-01-28,13.0,26,50.0,0.5
2018-01-29,12.5,25,50.0,0.5
2018-01-30,15.5,31,50.0,0.5
2018-01-31,17.0,34,50.0,0.5
2018-02-01,21.599999999999998,60,36.0,0.36
2018-02-02,31.32,87,36.0,0.36
2018-02-03,18.0,50,36.0,0.36
2018-02-04,14.399999999999999,40,36.0,0.36
2018-02-05,30.599999999999998,85,36.0,0.36
2018-02-06,36.0,100,36.0,0.36
2018-02-07,23.4,65,36.0,0.36
2018-02-08,19.08,53,36.0,0.36
2018-02-09,15.12,42,36.0,0.36
2018-02-10,12.959999999999999,36,36.0,0.36
2018-02-11,11.16,31,36.0,0.36
2018-02-12,12.6,35,36.0,0.36
2018-02-13,11.52,32,36.0,0.36
2018-02-14,10.44,29,36.0,0.36
2018-02-15,11.879999999999999,33,36.0,0.36
2018-02-16,11.52,32,36.0,0.36
2018-02-17,11.16,31,36.0,0.36
2018-02-18,11.52,32,36.0,0.36
2018-02-19,9.719999999999999,27,36.0,0.36
2018-02-20,11.52,32,36.0,0.36
2018-02-21,12.959999999999999,36,36.0,0.36
2018-02-22,10.44,29,36.0,0.36
2018-02-23,9.0,25,36.0,0.36
2018-02-24,8.28,23,36.0,0.36
2018-02-25,7.92,22,36.0,0.36
2018-02-26,8.64,24,36.0,0.36
2018-02-27,9.0,25,36.0,0.36
2018-02-28,9.0,25,36.0,0.36
2018-03-01,14.8,74,20.0,0.2
2018-03-02,14.4,72,20.0,0.2
2018-03-03,13.4,67,20.0,0.2
2018-03-04,12.8,64,20.0,0.2
2018-03-05,13.8,69,20.0,0.2
2018-03-06,14.4,72,20.0,0.2
2018-03-07,15.600000000000001,78,20.0,0.2
2018-03-08,17.400000000000002,87,20.0,0.2
2018-03-09,17.8,89,20.0,0.2
2018-03-10,14.200000000000001,71,20.0,0.2
2018-03-11,13.4,67,20.0,0.2
2018-03-12,15.600000000000001,78,20.0,0.2
2018-03-13,14.600000000000001,73,20.0,0.2
2018-03-14,17.6,88,20.0,0.2
2018-03-15,19.8,99,20.0,0.2
2018-03-16,17.2,86,20.0,0.2
2018-03-17,14.200000000000001,71,20.0,0.2
2018-03-18,18.2,91,20.0,0.2
2018-03-19,17.0,85,20.0,0.2
2018-03-20,14.4,72,20.0,0.2
2018-03-21,14.600000000000001,73,20.0,0.2
2018-03-22,14.600000000000001,73,20.0,0.2
2018-03-23,13.4,67,20.0,0.2
2018-03-24,11.0,55,20.0,0.2
2018-03-25,10.600000000000001,53,20.0,0.2
2018-03-26,13.8,69,20.0,0.2
2018-03-27,14.200000000000001,71,20.0,0.2
2018-03-28,13.8,69,20.0,0.2
2018-03-29,17.0,85,20.0,0.2
2018-03-30,20.0,100,20.0,0.2
2018-03-31,12.8,64,20.0,0.2
2018-04-01,15.98,94,17.0,0.17
2018-04-02,17.0,100,17.0,0.17
2018-04-03,16.32,96,17.0,0.17
2018-04-04,14.96,88,17.0,0.17
2018-04-05,14.96,88,17.0,0.17
2018-04-06,15.3,90,17.0,0.17
2018-04-07,12.24,72,17.0,0.17
2018-04-08,11.22,66,17.0,0.17
2018-04-09,14.790000000000001,87,17.0,0.17
2018-04-10,13.430000000000001,79,17.0,0.17
2018-04-11,12.750000000000002,75,17.0,0.17
2018-04-12,16.490000000000002,97,17.0,0.17
2018-04-13,15.81,93,17.0,0.17
2018-04-14,11.73,69,17.0,0.17
2018-04-15,11.39,67,17.0,0.17
2018-04-16,12.920000000000002,76,17.0,0.17
2018-04-17,13.090000000000002,77,17.0,0.17
2018-04-18,12.920000000000002,76,17.0,0.17
2018-04-19,12.750000000000002,75,17.0,0.17
2018-04-20,12.920000000000002,76,17.0,0.17
2018-04-21,11.9,70,17.0,0.17
2018-04-22,11.56,68,17.0,0.17
2018-04-23,13.430000000000001,79,17.0,0.17
2018-04-24,16.830000000000002,99,17.0,0.17
2018-04-25,14.620000000000001,86,17.0,0.17
2018-04-26,12.58,74,17.0,0.17
2018-04-27,11.9,70,17.0,0.17
2018-04-28,9.520000000000001,56,17.0,0.17
2018-04-29,9.180000000000001,54,17.0,0.17
2018-04-30,11.05,65,17.0,0.17
2018-05-01,9.719999999999999,81,12.0,0.12
2018-05-02,9.36,78,12.0,0.12
2018-05-03,10.799999999999999,90,12.0,0.12
2018-05-04,10.08,84,12.0,0.12
2018-05-05,10.08,84,12.0,0.12
2018-05-06,9.36,78,12.0,0.12
2018-05-07,10.92,91,12.0,0.12
2018-05-08,10.44,87,12.0,0.12
2018-05-09,10.2,85,12.0,0.12
2018-05-10,9.24,77,12.0,0.12
2018-05-11,12.0,100,12.0,0.12
2018-05-12,8.76,73,12.0,0.12
2018-05-13,8.64,72,12.0,0.12
2018-05-14,9.48,79,12.0,0.12
2018-05-15,9.48,79,12.0,0.12
2018-05-16,9.0,75,12.0,0.12
2018-05-17,9.12,76,12.0,0.12
2018-05-18,9.48,79,12.0,0.12
2018-05-19,7.199999999999999,60,12.0,0.12
2018-05-20,7.56,63,12.0,0.12
2018-05-21,8.4,70,12.0,0.12
2018-05-22,8.76,73,12.0,0.12
2018-05-23,11.16,93,12.0,0.12
2018-05-24,11.52,96,12.0,0.12
2018-05-25,8.879999999999999,74,12.0,0.12
2018-05-26,7.4399999999999995,62,12.0,0.12
2018-05-27,7.92,66,12.0,0.12
2018-05-28,8.52,71,12.0,0.12
2018-05-29,9.0,75,12.0,0.12
2018-05-30,8.76,73,12.0,0.12
2018-05-31,8.64,72,12.0,0.12
2018-06-01,6.24,52,12.0,0.12
2018-06-02,5.88,49,12.0,0.12
2018-06-03,5.88,49,12.0,0.12
2018-06-04,6.72,56,12.0,0.12
2018-06-05,6.24,52,12.0,0.12
2018-06-06,6.359999999999999,53,12.0,0.12
2018-06-07,6.0,50,12.0,0.12
2018-06-08,5.88,49,12.0,0.12
2018-06-09,5.52,46,12.0,0.12
2018-06-10,8.76,73,12.0,0.12
2018-06-11,12.0,100,12.0,0.12
2018-06-12,8.76,73,12.0,0.12
2018-06-13,10.92,91,12.0,0.12
2018-06-14,9.84,82,12.0,0.12
2018-06-15,7.56,63,12.0,0.12
2018-06-16,6.0,50,12.0,0.12
2018-06-17,6.0,50,12.0,0.12
2018-06-18,7.199999999999999,60,12.0,0.12
2018-06-19,7.08,59,12.0,0.12
2018-06-20,7.199999999999999,60,12.0,0.12
2018-06-21,6.359999999999999,53,12.0,0.12
2018-06-22,8.879999999999999,74,12.0,0.12
2018-06-23,7.92,66,12.0,0.12
2018-06-24,9.0,75,12.0,0.12
2018-06-25,8.16,68,12.0,0.12
2018-06-26,7.08,59,12.0,0.12
2018-06-27,7.4399999999999995,62,12.0,0.12
2018-06-28,6.84,57,12.0,0.12
2018-06-29,9.48,79,12.0,0.12
2018-06-30,8.52,71,12.0,0.12
2018-07-01,7.68,64,12.0,0.12
2018-07-02,9.6,80,12.0,0.12
2018-07-03,7.4399999999999995,62,12.0,0.12
2018-07-04,7.08,59,12.0,0.12
2018-07-05,7.68,64,12.0,0.12
2018-07-06,7.4399999999999995,62,12.0,0.12
2018-07-07,5.52,46,12.0,0.12
2018-07-08,7.199999999999999,60,12.0,0.12
2018-07-09,7.08,59,12.0,0.12
2018-07-10,8.04,67,12.0,0.12
2018-07-11,7.4399999999999995,62,12.0,0.12
2018-07-12,7.68,64,12.0,0.12
2018-07-13,7.319999999999999,61,12.0,0.12
2018-07-14,6.72,56,12.0,0.12
2018-07-15,5.52,46,12.0,0.12
2018-07-16,7.319999999999999,61,12.0,0.12
2018-07-17,10.68,89,12.0,0.12
2018-07-18,11.52,96,12.0,0.12
2018-07-19,9.0,75,12.0,0.12
2018-07-20,8.879999999999999,74,12.0,0.12
2018-07-21,6.96,58,12.0,0.12
2018-07-22,6.24,52,12.0,0.12
2018-07-23,8.64,72,12.0,0.12
2018-07-24,12.0,100,12.0,0.12
2018-07-25,10.92,91,12.0,0.12
2018-07-26,9.959999999999999,83,12.0,0.12
2018-07-27,10.32,86,12.0,0.12
2018-07-28,7.4399999999999995,62,12.0,0.12
2018-07-29,7.199999999999999,60,12.0,0.12
2018-07-30,9.0,75,12.0,0.12
2018-07-31,9.12,76,12.0,0.12
2018-08-01,8.36,76,11.0,0.11
2018-08-02,7.04,64,11.0,0.11
2018-08-03,8.14,74,11.0,0.11
2018-08-04,7.15,65,11.0,0.11
2018-08-05,7.04,64,11.0,0.11
2018-08-06,7.81,71,11.0,0.11
2018-08-07,8.25,75,11.0,0.11
2018-08-08,11.0,100,11.0,0.11
2018-08-09,8.8,80,11.0,0.11
2018-08-10,8.36,76,11.0,0.11
2018-08-11,7.92,72,11.0,0.11
2018-08-12,6.6,60,11.0,0.11
2018-08-13,7.81,71,11.0,0.11
2018-08-14,11.0,100,11.0,0.11
2018-08-15,9.24,84,11.0,0.11
2018-08-16,8.25,75,11.0,0.11
2018-08-17,7.59,69,11.0,0.11
2018-08-18,6.38,58,11.0,0.11
2018-08-19,5.61,51,11.0,0.11
2018-08-20,7.04,64,11.0,0.11
2018-08-21,7.59,69,11.0,0.11
2018-08-22,8.03,73,11.0,0.11
2018-08-23,7.59,69,11.0,0.11
2018-08-24,6.93,63,11.0,0.11
2018-08-25,6.71,61,11.0,0.11
2018-08-26,5.61,51,11.0,0.11
2018-08-27,7.15,65,11.0,0.11
2018-08-28,8.25,75,11.0,0.11
2018-08-29,7.59,69,11.0,0.11
2018-08-30,6.38,58,11.0,0.11
2018-08-31,6.16,56,11.0,0.11
2018-09-01,5.58,62,9.0,0.09
2018-09-02,5.58,62,9.0,0.09
2018-09-03,5.22,58,9.0,0.09
2018-09-04,5.9399999999999995,66,9.0,0.09
2018-09-05,7.6499999999999995,85,9.0,0.09
2018-09-06,9.0,100,9.0,0.09
2018-09-07,7.02,78,9.0,0.09
2018-09-08,5.67,63,9.0,0.09
2018-09-09,5.31,59,9.0,0.09
2018-09-10,6.3,70,9.0,0.09
2018-09-11,6.75,75,9.0,0.09
2018-09-12,7.02,78,9.0,0.09
2018-09-13,6.93,77,9.0,0.09
2018-09-14,5.49,61,9.0,0.09
2018-09-15,4.59,51,9.0,0.09
2018-09-16,4.41,49,9.0,0.09
2018-09-17,5.13,57,9.0,0.09
2018-09-18,5.3999999999999995,60,9.0,0.09
2018-09-19,5.3999999999999995,60,9.0,0.09
2018-09-20,5.31,59,9.0,0.09
2018-09-21,5.85,65,9.0,0.09
2018-09-22,5.04,56,9.0,0.09
2018-09-23,4.68,52,9.0,0.09
2018-09-24,5.13,57,9.0,0.09
2018-09-25,5.13,57,9.0,0.09
2018-09-26,5.49,61,9.0,0.09
2018-09-27,5.13,57,9.0,0.09
2018-09-28,5.04,56,9.0,0.09
2018-09-29,4.2299999999999995,47,9.0,0.09
2018-09-30,4.14,46,9.0,0.09
2018-10-01,4.41,63,7.0,0.07
2018-10-02,4.760000000000001,68,7.0,0.07
2018-10-03,4.550000000000001,65,7.0,0.07
2018-10-04,4.48,64,7.0,0.07
2018-10-05,4.0600000000000005,58,7.0,0.07
2018-10-06,3.8500000000000005,55,7.0,0.07
2018-10-07,3.6400000000000006,52,7.0,0.07
2018-10-08,4.130000000000001,59,7.0,0.07
2018-10-09,3.99,57,7.0,0.07
2018-10-10,4.760000000000001,68,7.0,0.07
2018-10-11,7.000000000000001,100,7.0,0.07
2018-10-12,5.250000000000001,75,7.0,0.07
2018-10-13,4.2,60,7.0,0.07
2018-10-14,3.7100000000000004,53,7.0,0.07
2018-10-15,5.390000000000001,77,7.0,0.07
2018-10-16,5.250000000000001,75,7.0,0.07
2018-10-17,4.130000000000001,59,7.0,0.07
2018-10-18,4.2,60,7.0,0.07
2018-10-19,3.9200000000000004,56,7.0,0.07
2018-10-20,3.6400000000000006,52,7.0,0.07
2018-10-21,3.6400000000000006,52,7.0,0.07
2018-10-22,3.8500000000000005,55,7.0,0.07
2018-10-23,4.550000000000001,65,7.0,0.07
2018-10-24,4.340000000000001,62,7.0,0.07
2018-10-25,4.0600000000000005,58,7.0,0.07
2018-10-26,3.8500000000000005,55,7.0,0.07
2018-10-27,3.5700000000000003,51,7.0,0.07
2018-10-28,3.1500000000000004,45,7.0,0.07
2018-10-29,4.760000000000001,68,7.0,0.07
2018-10-30,4.69,67,7.0,0.07
2018-10-31,4.69,67,7.0,0.07
2018-11-01,3.85,35,11.0,0.11
2018-11-02,3.52,32,11.0,0.11
2018-11-03,3.08,28,11.0,0.11
2018-11-04,3.63,33,11.0,0.11
2018-11-05,3.96,36,11.0,0.11
2018-11-06,3.96,36,11.0,0.11
2018-11-07,3.41,31,11.0,0.11
2018-11-08,3.52,32,11.0,0.11
2018-11-09,3.3,30,11.0,0.11
2018-11-10,3.08,28,11.0,0.11
2018-11-11,2.86,26,11.0,0.11
2018-11-12,3.52,32,11.0,0.11
2018-11-13,3.52,32,11.0,0.11
2018-11-14,7.04,64,11.0,0.11
2018-11-15,7.59,69,11.0,0.11
2018-11-16,5.28,48,11.0,0.11
2018-11-17,4.51,41,11.0,0.11
2018-11-18,4.07,37,11.0,0.11
2018-11-19,7.92,72,11.0,0.11
2018-11-20,11.0,100,11.0,0.11
2018-11-21,9.13,83,11.0,0.11
2018-11-22,5.61,51,11.0,0.11
2018-11-23,6.38,58,11.0,0.11
2018-11-24,6.16,56,11.0,0.11
2018-11-25,9.9,90,11.0,0.11
2018-11-26,9.35,85,11.0,0.11
2018-11-27,9.02,82,11.0,0.11
2018-11-28,7.81,71,11.0,0.11
2018-11-29,6.6,60,11.0,0.11
2018-11-30,6.49,59,11.0,0.11
2018-12-01,5.5,50,11.0,0.11
2018-12-02,4.51,41,11.0,0.11
2018-12-03,7.37,67,11.0,0.11
2018-12-04,7.26,66,11.0,0.11
2018-12-05,6.6,60,11.0,0.11
2018-12-06,7.48,68,11.0,0.11
2018-12-07,11.0,100,11.0,0.11
2018-12-08,7.37,67,11.0,0.11
2018-12-09,6.16,56,11.0,0.11
2018-12-10,6.82,62,11.0,0.11
2018-12-11,6.93,63,11.0,0.11
2018-12-12,6.6,60,11.0,0.11
2018-12-13,7.15,65,11.0,0.11
2018-12-14,8.25,75,11.0,0.11
2018-12-15,6.71,61,11.0,0.11
2018-12-16,6.05,55,11.0,0.11
2018-12-17,7.48,68,11.0,0.11
2018-12-18,7.37,67,11.0,0.11
2018-12-19,8.25,75,11.0,0.11
2018-12-20,8.36,76,11.0,0.11
2018-12-21,7.7,70,11.0,0.11
2018-12-22,5.72,52,11.0,0.11
2018-12-23,5.83,53,11.0,0.11
2018-12-24,7.15,65,11.0,0.11
2018-12-25,6.71,61,11.0,0.11
2018-12-26,6.2700000000000005,57,11.0,0.11
2018-12-27,6.16,56,11.0,0.11
2018-12-28,5.94,54,11.0,0.11
2018-12-29,5.39,49,11.0,0.11
2018-12-30,4.62,42,11.0,0.11
2018-12-31,4.95,45,11.0,0.11
2019-01-01,5.460000000000001,78,7.0,0.07
2019-01-02,6.510000000000001,93,7.0,0.07
2019-01-03,6.510000000000001,93,7.0,0.07
2019-01-04,6.65,95,7.0,0.07
2019-01-05,5.040000000000001,72,7.0,0.07
2019-01-06,5.180000000000001,74,7.0,0.07
2019-01-07,6.0200000000000005,86,7.0,0.07
2019-01-08,5.670000000000001,81,7.0,0.07
2019-01-09,5.880000000000001,84,7.0,0.07
2019-01-10,7.000000000000001,100,7.0,0.07
2019-01-11,6.090000000000001,87,7.0,0.07
2019-01-12,5.390000000000001,77,7.0,0.07
2019-01-13,5.390000000000001,77,7.0,0.07
2019-01-14,5.8100000000000005,83,7.0,0.07
2019-01-15,5.670000000000001,81,7.0,0.07
2019-01-16,5.250000000000001,75,7.0,0.07
2019-01-17,5.180000000000001,74,7.0,0.07
2019-01-18,4.760000000000001,68,7.0,0.07
2019-01-19,4.760000000000001,68,7.0,0.07
2019-01-20,4.2,60,7.0,0.07
2019-01-21,4.2700000000000005,61,7.0,0.07
2019-01-22,4.83,69,7.0,0.07
2019-01-23,5.11,73,7.0,0.07
2019-01-24,4.550000000000001,65,7.0,0.07
2019-01-25,4.760000000000001,68,7.0,0.07
2019-01-26,4.2700000000000005,61,7.0,0.07
2019-01-27,4.550000000000001,65,7.0,0.07
2019-01-28,5.460000000000001,78,7.0,0.07
2019-01-29,5.32,76,7.0,0.07
2019-01-30,4.62,66,7.0,0.07
2019-01-31,4.62,66,7.0,0.07
2019-02-01,4.0600000000000005,58,7.0,0.07
2019-02-02,3.7100000000000004,53,7.0,0.07
2019-02-03,3.99,57,7.0,0.07
2019-02-04,4.62,66,7.0,0.07
2019-02-05,6.0200000000000005,86,7.0,0.07
2019-02-06,5.460000000000001,78,7.0,0.07
2019-02-07,4.970000000000001,71,7.0,0.07
2019-02-08,5.460000000000001,78,7.0,0.07
2019-02-09,4.69,67,7.0,0.07
2019-02-10,4.41,63,7.0,0.07
2019-02-11,4.62,66,7.0,0.07
2019-02-12,4.41,63,7.0,0.07
2019-02-13,4.2,60,7.0,0.07
2019-02-14,4.41,63,7.0,0.07
2019-02-15,4.2,60,7.0,0.07
2019-02-16,3.8500000000000005,55,7.0,0.07
2019-02-17,3.43,49,7.0,0.07
2019-02-18,5.250000000000001,75,7.0,0.07
2019-02-19,6.090000000000001,87,7.0,0.07
2019-02-20,5.460000000000001,78,7.0,0.07
2019-02-21,5.180000000000001,74,7.0,0.07
2019-02-22,4.83,69,7.0,0.07
2019-02-23,5.6000000000000005,80,7.0,0.07
2019-02-24,7.000000000000001,100,7.0,0.07
2019-02-25,5.53,79,7.0,0.07
2019-02-26,4.340000000000001,62,7.0,0.07
2019-02-27,4.62,66,7.0,0.07
2019-02-28,4.9,70,7.0,0.07
2019-03-01,4.92,82,6.0,0.06
2019-03-02,4.74,79,6.0,0.06
2019-03-03,4.74,79,6.0,0.06
2019-03-04,5.1,85,6.0,0.06
2019-03-05,5.76,96,6.0,0.06
2019-03-06,5.76,96,6.0,0.06
2019-03-07,5.3999999999999995,90,6.0,0.06
2019-03-08,5.04,84,6.0,0.06
2019-03-09,4.92,82,6.0,0.06
2019-03-10,4.68,78,6.0,0.06
2019-03-11,5.1,85,6.0,0.06
2019-03-12,5.279999999999999,88,6.0,0.06
2019-03-13,4.859999999999999,81,6.0,0.06
2019-03-14,4.32,72,6.0,0.06
2019-03-15,4.859999999999999,81,6.0,0.06
2019-03-16,5.1,85,6.0,0.06
2019-03-17,4.9799999999999995,83,6.0,0.06
2019-03-18,5.64,94,6.0,0.06
2019-03-19,5.22,87,6.0,0.06
2019-03-20,5.64,94,6.0,0.06
2019-03-21,6.0,100,6.0,0.06
2019-03-22,5.76,96,6.0,0.06
2019-03-23,5.279999999999999,88,6.0,0.06
2019-03-24,4.5,75,6.0,0.06
2019-03-25,4.859999999999999,81,6.0,0.06
2019-03-26,4.859999999999999,81,6.0,0.06
2019-03-27,5.16,86,6.0,0.06
2019-03-28,4.92,82,6.0,0.06
2019-03-29,5.3999999999999995,90,6.0,0.06
2019-03-30,5.04,84,6.0,0.06
2019-03-31,4.74,79,6.0,0.06
2019-04-01,4.0,40,10.0,0.1
2019-04-02,9.600000000000001,96,10.0,0.1
2019-04-03,10.0,100,10.0,0.1
2019-04-04,6.7,67,10.0,0.1
2019-04-05,5.1000000000000005,51,10.0,0.1
2019-04-06,4.800000000000001,48,10.0,0.1
2019-04-07,4.7,47,10.0,0.1
2019-04-08,5.5,55,10.0,0.1
2019-04-09,4.7,47,10.0,0.1
2019-04-10,5.4,54,10.0,0.1
2019-04-11,5.0,50,10.0,0.1
2019-04-12,4.4,44,10.0,0.1
2019-04-13,3.7,37,10.0,0.1
2019-04-14,3.5,35,10.0,0.1
2019-04-15,4.5,45,10.0,0.1
2019-04-16,4.2,42,10.0,0.1
2019-04-17,4.800000000000001,48,10.0,0.1
2019-04-18,4.6000000000000005,46,10.0,0.1
2019-04-19,4.4,44,10.0,0.1
2019-04-20,4.1000000000000005,41,10.0,0.1
2019-04-21,3.7,37,10.0,0.1
2019-04-22,4.4,44,10.0,0.1
2019-04-23,5.9,59,10.0,0.1
2019-04-24,4.6000000000000005,46,10.0,0.1
2019-04-25,4.5,45,10.0,0.1
2019-04-26,4.7,47,10.0,0.1
2019-04-27,3.8000000000000003,38,10.0,0.1
2019-04-28,3.8000000000000003,38,10.0,0.1
2019-04-29,3.7,37,10.0,0.1
2019-04-30,3.7,37,10.0,0.1
2019-05-01,3.9200000000000004,28,14.0,0.14
2019-05-02,4.2,30,14.0,0.14
2019-05-03,5.32,38,14.0,0.14
2019-05-04,5.040000000000001,36,14.0,0.14
2019-05-05,5.040000000000001,36,14.0,0.14
2019-05-06,4.62,33,14.0,0.14
2019-05-07,5.74,41,14.0,0.14
2019-05-08,5.6000000000000005,40,14.0,0.14
2019-05-09,6.300000000000001,45,14.0,0.14
2019-05-10,7.000000000000001,50,14.0,0.14
2019-05-11,10.500000000000002,75,14.0,0.14
2019-05-12,10.64,76,14.0,0.14
2019-05-13,12.600000000000001,90,14.0,0.14
2019-05-14,14.000000000000002,100,14.0,0.14
2019-05-15,10.780000000000001,77,14.0,0.14
2019-05-16,10.080000000000002,72,14.0,0.14
2019-05-17,10.360000000000001,74,14.0,0.14
2019-05-18,7.5600000000000005,54,14.0,0.14
2019-05-19,9.24,66,14.0,0.14
2019-05-20,9.100000000000001,65,14.0,0.14
2019-05-21,8.120000000000001,58,14.0,0.14
2019-05-22,7.280000000000001,52,14.0,0.14
2019-05-23,7.140000000000001,51,14.0,0.14
2019-05-24,7.280000000000001,52,14.0,0.14
2019-05-25,6.44,46,14.0,0.14
2019-05-26,7.000000000000001,50,14.0,0.14
2019-05-27,9.66,69,14.0,0.14
2019-05-28,8.4,60,14.0,0.14
2019-05-29,8.120000000000001,58,14.0,0.14
2019-05-30,8.680000000000001,62,14.0,0.14
2019-05-31,7.5600000000000005,54,14.0,0.14
2019-06-01,4.32,27,16.0,0.16
2019-06-02,4.32,27,16.0,0.16
2019-06-03,4.16,26,16.0,0.16
2019-06-04,5.28,33,16.0,0.16
2019-06-05,4.0,25,16.0,0.16
2019-06-06,3.84,24,16.0,0.16
2019-06-07,4.0,25,16.0,0.16
2019-06-08,3.36,21,16.0,0.16
2019-06-09,2.88,18,16.0,0.16
2019-06-10,3.52,22,16.0,0.16
2019-06-11,3.68,23,16.0,0.16
2019-06-12,3.68,23,16.0,0.16
2019-06-13,3.68,23,16.0,0.16
2019-06-14,3.84,24,16.0,0.16
2019-06-15,3.84,24,16.0,0.16
2019-06-16,6.08,38,16.0,0.16
2019-06-17,5.44,34,16.0,0.16
2019-06-18,5.76,36,16.0,0.16
2019-06-19,4.64,29,16.0,0.16
2019-06-20,5.28,33,16.0,0.16
2019-06-21,6.88,43,16.0,0.16
2019-06-22,11.36,71,16.0,0.16
2019-06-23,7.5200000000000005,47,16.0,0.16
2019-06-24,7.68,48,16.0,0.16
2019-06-25,8.48,53,16.0,0.16
2019-06-26,16.0,100,16.0,0.16
2019-06-27,11.84,74,16.0,0.16
2019-06-28,9.44,59,16.0,0.16
2019-06-29,6.5600000000000005,41,16.0,0.16
2019-06-30,6.4,40,16.0,0.16
2019-07-01,14.000000000000002,100,14.0,0.14
2019-07-02,14.000000000000002,100,14.0,0.14
2019-07-03,11.760000000000002,84,14.0,0.14
2019-07-04,10.920000000000002,78,14.0,0.14
2019-07-05,10.080000000000002,72,14.0,0.14
2019-07-06,8.96,64,14.0,0.14
2019-07-07,8.4,60,14.0,0.14
2019-07-08,10.500000000000002,75,14.0,0.14
2019-07-09,12.32,88,14.0,0.14
2019-07-10,14.000000000000002,100,14.0,0.14
2019-07-11,12.600000000000001,90,14.0,0.14
2019-07-12,12.180000000000001,87,14.0,0.14
2019-07-13,10.080000000000002,72,14.0,0.14
2019-07-14,10.360000000000001,74,14.0,0.14
2019-07-15,12.740000000000002,91,14.0,0.14
2019-07-16,13.160000000000002,94,14.0,0.14
2019-07-17,12.180000000000001,87,14.0,0.14
2019-07-18,11.760000000000002,84,14.0,0.14
2019-07-19,9.100000000000001,65,14.0,0.14
2019-07-20,8.120000000000001,58,14.0,0.14
2019-07-21,7.5600000000000005,54,14.0,0.14
2019-07-22,8.540000000000001,61,14.0,0.14
2019-07-23,8.540000000000001,61,14.0,0.14
2019-07-24,9.38,67,14.0,0.14
2019-07-25,8.82,63,14.0,0.14
2019-07-26,7.5600000000000005,54,14.0,0.14
2019-07-27,8.260000000000002,59,14.0,0.14
2019-07-28,7.140000000000001,51,14.0,0.14
2019-07-29,7.700000000000001,55,14.0,0.14
2019-07-30,7.840000000000001,56,14.0,0.14
2019-07-31,8.260000000000002,59,14.0,0.14
2019-08-01,7.26,66,11.0,0.11
2019-08-02,7.7,70,11.0,0.11
2019-08-03,6.82,62,11.0,0.11
2019-08-04,6.49,59,11.0,0.11
2019-08-05,11.0,100,11.0,0.11
2019-08-06,10.01,91,11.0,0.11
2019-08-07,9.02,82,11.0,0.11
2019-08-08,7.81,71,11.0,0.11
2019-08-09,7.7,70,11.0,0.11
2019-08-10,7.04,64,11.0,0.11
2019-08-11,6.49,59,11.0,0.11
2019-08-12,6.38,58,11.0,0.11
2019-08-13,7.15,65,11.0,0.11
2019-08-14,8.25,75,11.0,0.11
2019-08-15,8.25,75,11.0,0.11
2019-08-16,7.04,64,11.0,0.11
2019-08-17,6.49,59,11.0,0.11
2019-08-18,5.83,53,11.0,0.11
2019-08-19,6.16,56,11.0,0.11
2019-08-20,6.49,59,11.0,0.11
2019-08-21,6.49,59,11.0,0.11
2019-08-22,6.6,60,11.0,0.11
2019-08-23,6.38,58,11.0,0.11
2019-08-24,5.94,54,11.0,0.11
2019-08-25,5.83,53,11.0,0.11
2019-08-26,5.72,52,11.0,0.11
2019-08-27,5.72,52,11.0,0.11
2019-08-28,6.71,61,11.0,0.11
2019-08-29,6.38,58,11.0,0.11
2019-08-30,5.39,49,11.0,0.11
2019-08-31,4.51,41,11.0,0.11
2019-09-01,4.32,48,9.0,0.09
2019-09-02,5.22,58,9.0,0.09
2019-09-03,6.3,70,9.0,0.09
2019-09-04,5.49,61,9.0,0.09
2019-09-05,5.31,59,9.0,0.09
2019-09-06,5.31,59,9.0,0.09
2019-09-07,5.04,56,9.0,0.09
2019-09-08,4.41,49,9.0,0.09
2019-09-09,5.04,56,9.0,0.09
2019-09-10,4.95,55,9.0,0.09
2019-09-11,4.95,55,9.0,0.09
2019-09-12,4.859999999999999,54,9.0,0.09
2019-09-13,4.41,49,9.0,0.09
2019-09-14,4.14,46,9.0,0.09
2019-09-15,4.05,45,9.0,0.09
2019-09-16,4.59,51,9.0,0.09
2019-09-17,4.68,52,9.0,0.09
2019-09-18,4.68,52,9.0,0.09
2019-09-19,5.13,57,9.0,0.09
2019-09-20,4.68,52,9.0,0.09
2019-09-21,4.41,49,9.0,0.09
2019-09-22,4.32,48,9.0,0.09
2019-09-23,5.22,58,9.0,0.09
2019-09-24,8.459999999999999,94,9.0,0.09
2019-09-25,9.0,100,9.0,0.09
2019-09-26,9.0,100,9.0,0.09
2019-09-27,7.38,82,9.0,0.09
2019-09-28,6.029999999999999,67,9.0,0.09
2019-09-29,5.3999999999999995,60,9.0,0.09
2019-09-30,5.76,64,9.0,0.09
2019-10-01,4.5600000000000005,57,8.0,0.08
2019-10-02,4.64,58,8.0,0.08
2019-10-03,4.24,53,8.0,0.08
2019-10-04,3.68,46,8.0,0.08
2019-10-05,3.52,44,8.0,0.08
2019-10-06,3.52,44,8.0,0.08
2019-10-07,4.08,51,8.0,0.08
2019-10-08,3.92,49,8.0,0.08
2019-10-09,4.48,56,8.0,0.08
2019-10-10,3.7600000000000002,47,8.0,0.08
2019-10-11,3.84,48,8.0,0.08
2019-10-12,3.2800000000000002,41,8.0,0.08
2019-10-13,3.36,42,8.0,0.08
2019-10-14,3.7600000000000002,47,8.0,0.08
2019-10-15,3.68,46,8.0,0.08
2019-10-16,4.0,50,8.0,0.08
2019-10-17,3.84,48,8.0,0.08
2019-10-18,3.6,45,8.0,0.08
2019-10-19,3.36,42,8.0,0.08
2019-10-20,3.2,40,8.0,0.08
2019-10-21,3.52,44,8.0,0.08
2019-10-22,3.6,45,8.0,0.08
2019-10-23,5.12,64,8.0,0.08
2019-10-24,4.64,58,8.0,0.08
2019-10-25,5.5200000000000005,69,8.0,0.08
2019-10-26,8.0,100,8.0,0.08
2019-10-27,4.72,59,8.0,0.08
2019-10-28,5.04,63,8.0,0.08
2019-10-29,4.8,60,8.0,0.08
2019-10-30,4.32,54,8.0,0.08
2019-10-31,3.92,49,8.0,0.08
2019-11-01,5.68,71,8.0,0.08
2019-11-02,4.96,62,8.0,0.08
2019-11-03,4.8,60,8.0,0.08
2019-11-04,5.76,72,8.0,0.08
2019-11-05,5.92,74,8.0,0.08
2019-11-06,5.36,67,8.0,0.08
2019-11-07,5.5200000000000005,69,8.0,0.08
2019-11-08,5.76,72,8.0,0.08
2019-11-09,4.88,61,8.0,0.08
2019-11-10,4.72,59,8.0,0.08
2019-11-11,5.28,66,8.0,0.08
2019-11-12,4.88,61,8.0,0.08
2019-11-13,4.88,61,8.0,0.08
2019-11-14,5.04,63,8.0,0.08
2019-11-15,4.96,62,8.0,0.08
2019-11-16,4.88,61,8.0,0.08
2019-11-17,4.72,59,8.0,0.08
2019-11-18,5.2,65,8.0,0.08
2019-11-19,5.84,73,8.0,0.08
2019-11-20,5.2,65,8.0,0.08
2019-11-21,6.88,86,8.0,0.08
2019-11-22,8.0,100,8.0,0.08
2019-11-23,5.92,74,8.0,0.08
2019-11-24,5.84,73,8.0,0.08
2019-11-25,7.76,97,8.0,0.08
2019-11-26,6.48,81,8.0,0.08
2019-11-27,6.48,81,8.0,0.08
2019-11-28,5.04,63,8.0,0.08
2019-11-29,5.36,67,8.0,0.08
2019-11-30,4.8,60,8.0,0.08
2019-12-01,5.460000000000001,78,7.0,0.07
2019-12-02,5.11,73,7.0,0.07
2019-12-03,5.180000000000001,74,7.0,0.07
2019-12-04,5.670000000000001,81,7.0,0.07
2019-12-05,5.250000000000001,75,7.0,0.07
2019-12-06,4.69,67,7.0,0.07
2019-12-07,4.83,69,7.0,0.07
2019-12-08,4.2,60,7.0,0.07
2019-12-09,5.180000000000001,74,7.0,0.07
2019-12-10,5.32,76,7.0,0.07
2019-12-11,5.32,76,7.0,0.07
2019-12-12,4.970000000000001,71,7.0,0.07
2019-12-13,4.69,67,7.0,0.07
2019-12-14,4.48,64,7.0,0.07
2019-12-15,4.69,67,7.0,0.07
2019-12-16,5.32,76,7.0,0.07
2019-12-17,6.790000000000001,97,7.0,0.07
2019-12-18,7.000000000000001,100,7.0,0.07
2019-12-19,6.090000000000001,87,7.0,0.07
2019-12-20,5.390000000000001,77,7.0,0.07
2019-12-21,4.83,69,7.0,0.07
2019-12-22,4.48,64,7.0,0.07
2019-12-23,5.880000000000001,84,7.0,0.07
2019-12-24,4.83,69,7.0,0.07
2019-12-25,4.550000000000001,65,7.0,0.07
2019-12-26,4.760000000000001,68,7.0,0.07
2019-12-27,4.9,70,7.0,0.07
2019-12-28,5.040000000000001,72,7.0,0.07
2019-12-29,4.83,69,7.0,0.07
2019-12-30,4.550000000000001,65,7.0,0.07
2019-12-31,5.53,79,7.0,0.07
2020-01-01,5.04,56,9.0,0.09
2020-01-02,6.39,71,9.0,0.09
2020-01-03,7.109999999999999,79,9.0,0.09
2020-01-04,6.12,68,9.0,0.09
2020-01-05,6.21,69,9.0,0.09
2020-01-06,6.21,69,9.0,0.09
2020-01-07,8.28,92,9.0,0.09
2020-01-08,8.64,96,9.0,0.09
2020-01-09,6.21,69,9.0,0.09
2020-01-10,6.84,76,9.0,0.09
2020-01-11,6.21,69,9.0,0.09
2020-01-12,5.85,65,9.0,0.09
2020-01-13,5.58,62,9.0,0.09
2020-01-14,9.0,100,9.0,0.09
2020-01-15,8.73,97,9.0,0.09
2020-01-16,7.29,81,9.0,0.09
2020-01-17,6.93,77,9.0,0.09
2020-01-18,7.38,82,9.0,0.09
2020-01-19,7.739999999999999,86,9.0,0.09
2020-01-20,6.4799999999999995,72,9.0,0.09
2020-01-21,6.39,71,9.0,0.09
2020-01-22,5.9399999999999995,66,9.0,0.09
2020-01-23,6.569999999999999,73,9.0,0.09
2020-01-24,5.9399999999999995,66,9.0,0.09
2020-01-25,6.12,68,9.0,0.09
2020-01-26,4.95,55,9.0,0.09
2020-01-27,6.029999999999999,67,9.0,0.09
2020-01-28,7.56,84,9.0,0.09
2020-01-29,7.92,88,9.0,0.09
2020-01-30,7.739999999999999,86,9.0,0.09
2020-01-31,7.29,81,9.0,0.09
2020-02-01,6.5,65,10.0,0.1
2020-02-02,6.300000000000001,63,10.0,0.1
2020-02-03,6.4,64,10.0,0.1
2020-02-04,6.6000000000000005,66,10.0,0.1
2020-02-05,7.9,79,10.0,0.1
2020-02-06,7.5,75,10.0,0.1
2020-02-07,6.800000000000001,68,10.0,0.1
2020-02-08,6.4,64,10.0,0.1
2020-02-09,10.0,100,10.0,0.1
2020-02-10,7.9,79,10.0,0.1
2020-02-11,7.800000000000001,78,10.0,0.1
2020-02-12,8.9,89,10.0,0.1
2020-02-13,7.9,79,10.0,0.1
2020-02-14,7.300000000000001,73,10.0,0.1
2020-02-15,7.0,70,10.0,0.1
2020-02-16,7.1000000000000005,71,10.0,0.1
2020-02-17,7.5,75,10.0,0.1
2020-02-18,6.7,67,10.0,0.1
2020-02-19,7.9,79,10.0,0.1
2020-02-20,7.2,72,10.0,0.1
2020-02-21,6.4,64,10.0,0.1
2020-02-22,6.1000000000000005,61,10.0,0.1
2020-02-23,5.9,59,10.0,0.1
2020-02-24,7.300000000000001,73,10.0,0.1
2020-02-25,7.2,72,10.0,0.1
2020-02-26,7.800000000000001,78,10.0,0.1
2020-02-27,8.1,81,10.0,0.1
2020-02-28,8.3,83,10.0,0.1
2020-02-29,6.7,67,10.0,0.1
2020-03-01,3.77,29,13.0,0.13
2020-03-02,3.9000000000000004,30,13.0,0.13
2020-03-03,3.77,29,13.0,0.13
2020-03-04,3.38,26,13.0,0.13
2020-03-05,3.5100000000000002,27,13.0,0.13
2020-03-06,3.77,29,13.0,0.13
2020-03-07,3.38,26,13.0,0.13
2020-03-08,3.9000000000000004,30,13.0,0.13
2020-03-09,7.0200000000000005,54,13.0,0.13
2020-03-10,4.8100000000000005,37,13.0,0.13
2020-03-11,4.29,33,13.0,0.13
2020-03-12,8.450000000000001,65,13.0,0.13
2020-03-13,13.0,100,13.0,0.13
2020-03-14,7.930000000000001,61,13.0,0.13
2020-03-15,6.11,47,13.0,0.13
2020-03-16,8.84,68,13.0,0.13
2020-03-17,6.890000000000001,53,13.0,0.13
2020-03-18,6.76,52,13.0,0.13
2020-03-19,7.0200000000000005,54,13.0,0.13
2020-03-20,6.890000000000001,53,13.0,0.13
2020-03-21,5.59,43,13.0,0.13
2020-03-22,5.2,40,13.0,0.13
2020-03-23,5.59,43,13.0,0.13
2020-03-24,6.37,49,13.0,0.13
2020-03-25,5.46,42,13.0,0.13
2020-03-26,4.94,38,13.0,0.13
2020-03-27,4.29,33,13.0,0.13
2020-03-28,4.55,35,13.0,0.13
2020-03-29,4.16,32,13.0,0.13
2020-03-30,4.29,33,13.0,0.13
2020-03-31,3.9000000000000004,30,13.0,0.13
2020-04-01,5.0,50,10.0,0.1
2020-04-02,6.0,60,10.0,0.1
2020-04-03,5.6000000000000005,56,10.0,0.1
2020-04-04,5.800000000000001,58,10.0,0.1
2020-04-05,5.2,52,10.0,0.1
2020-04-06,6.300000000000001,63,10.0,0.1
2020-04-07,6.1000000000000005,61,10.0,0.1
2020-04-08,5.800000000000001,58,10.0,0.1
2020-04-09,5.800000000000001,58,10.0,0.1
2020-04-10,6.0,60,10.0,0.1
2020-04-11,5.2,52,10.0,0.1
2020-04-12,5.6000000000000005,56,10.0,0.1
2020-04-13,5.800000000000001,58,10.0,0.1
2020-04-14,5.300000000000001,53,10.0,0.1
2020-04-15,5.4,54,10.0,0.1
2020-04-16,6.300000000000001,63,10.0,0.1
2020-04-17,5.6000000000000005,56,10.0,0.1
2020-04-18,5.7,57,10.0,0.1
2020-04-19,5.7,57,10.0,0.1
2020-04-20,5.4,54,10.0,0.1
2020-04-21,5.300000000000001,53,10.0,0.1
2020-04-22,5.300000000000001,53,10.0,0.1
2020-04-23,6.2,62,10.0,0.1
2020-04-24,6.0,60,10.0,0.1
2020-04-25,5.7,57,10.0,0.1
2020-04-26,5.9,59,10.0,0.1
2020-04-27,6.300000000000001,63,10.0,0.1
2020-04-28,6.7,67,10.0,0.1
2020-04-29,9.200000000000001,92,10.0,0.1
2020-04-30,10.0,100,10.0,0.1
2020-05-01,7.0200000000000005,54,13.0,0.13
2020-05-02,6.37,49,13.0,0.13
2020-05-03,6.890000000000001,53,13.0,0.13
2020-05-04,6.5,50,13.0,0.13
2020-05-05,6.37,49,13.0,0.13
2020-05-06,7.54,58,13.0,0.13
2020-05-07,9.23,71,13.0,0.13
2020-05-08,9.620000000000001,74,13.0,0.13
2020-05-09,8.58,66,13.0,0.13
2020-05-10,13.0,100,13.0,0.13
2020-05-11,13.0,100,13.0,0.13
2020-05-12,9.620000000000001,74,13.0,0.13
2020-05-13,8.32,64,13.0,0.13
2020-05-14,8.19,63,13.0,0.13
2020-05-15,7.28,56,13.0,0.13
2020-05-16,6.5,50,13.0,0.13
2020-05-17,6.11,47,13.0,0.13
2020-05-18,6.63,51,13.0,0.13
2020-05-19,6.11,47,13.0,0.13
2020-05-20,6.11,47,13.0,0.13
2020-05-21,6.890000000000001,53,13.0,0.13
2020-05-22,5.59,43,13.0,0.13
2020-05-23,5.33,41,13.0,0.13
2020-05-24,5.2,40,13.0,0.13
2020-05-25,5.98,46,13.0,0.13
2020-05-26,5.720000000000001,44,13.0,0.13
2020-05-27,5.33,41,13.0,0.13
2020-05-28,5.2,40,13.0,0.13
2020-05-29,5.33,41,13.0,0.13
2020-05-30,4.68,36,13.0,0.13
2020-05-31,4.68,36,13.0,0.13
2020-06-01,6.3,70,9.0,0.09
2020-06-02,9.0,100,9.0,0.09
2020-06-03,6.21,69,9.0,0.09
2020-06-04,6.21,69,9.0,0.09
2020-06-05,6.569999999999999,73,9.0,0.09
2020-06-06,5.3999999999999995,60,9.0,0.09
2020-06-07,5.9399999999999995,66,9.0,0.09
2020-06-08,6.029999999999999,67,9.0,0.09
2020-06-09,5.85,65,9.0,0.09
2020-06-10,6.21,69,9.0,0.09
2020-06-11,6.93,77,9.0,0.09
2020-06-12,6.21,69,9.0,0.09
2020-06-13,5.13,57,9.0,0.09
2020-06-14,5.22,58,9.0,0.09
2020-06-15,6.12,68,9.0,0.09
2020-06-16,5.76,64,9.0,0.09
2020-06-17,5.31,59,9.0,0.09
2020-06-18,5.67,63,9.0,0.09
2020-06-19,5.04,56,9.0,0.09
2020-06-20,5.04,56,9.0,0.09
2020-06-21,4.68,52,9.0,0.09
2020-06-22,5.76,64,9.0,0.09
2020-06-23,5.85,65,9.0,0.09
2020-06-24,5.04,56,9.0,0.09
2020-06-25,4.95,55,9.0,0.09
2020-06-26,5.3999999999999995,60,9.0,0.09
2020-06-27,5.31,59,9.0,0.09
2020-06-28,5.67,63,9.0,0.09
2020-06-29,5.49,61,9.0,0.09
2020-06-30,5.13,57,9.0,0.09
2020-07-01,4.4,44,10.0,0.1
2020-07-02,4.3,43,10.0,0.1
2020-07-03,4.1000000000000005,41,10.0,0.1
2020-07-04,4.2,42,10.0,0.1
2020-07-05,4.5,45,10.0,0.1
2020-07-06,4.5,45,10.0,0.1
2020-07-07,4.2,42,10.0,0.1
2020-07-08,5.0,50,10.0,0.1
2020-07-09,4.9,49,10.0,0.1
2020-07-10,4.5,45,10.0,0.1
2020-07-11,4.2,42,10.0,0.1
2020-07-12,4.0,40,10.0,0.1
2020-07-13,4.7,47,10.0,0.1
2020-07-14,5.1000000000000005,51,10.0,0.1
2020-07-15,6.1000000000000005,61,10.0,0.1
2020-07-16,7.1000000000000005,71,10.0,0.1
2020-07-17,5.4,54,10.0,0.1
2020-07-18,4.6000000000000005,46,10.0,0.1
2020-07-19,4.2,42,10.0,0.1
2020-07-20,4.1000000000000005,41,10.0,0.1
2020-07-21,4.3,43,10.0,0.1
2020-07-22,4.7,47,10.0,0.1
2020-07-23,5.4,54,10.0,0.1
2020-07-24,5.5,55,10.0,0.1
2020-07-25,4.9,49,10.0,0.1
2020-07-26,5.9,59,10.0,0.1
2020-07-27,10.0,100,10.0,0.1
2020-07-28,9.5,95,10.0,0.1
2020-07-29,7.7,77,10.0,0.1
2020-07-30,6.9,69,10.0,0.1
2020-07-31,7.4,74,10.0,0.1
2020-08-01,9.9,90,11.0,0.11
2020-08-02,11.0,100,11.0,0.11
2020-08-03,8.69,79,11.0,0.11
2020-08-04,7.92,72,11.0,0.11
2020-08-05,8.36,76,11.0,0.11
2020-08-06,8.69,79,11.0,0.11
2020-08-07,8.03,73,11.0,0.11
2020-08-08,6.93,63,11.0,0.11
2020-08-09,6.38,58,11.0,0.11
2020-08-10,8.14,74,11.0,0.11
2020-08-11,8.03,73,11.0,0.11
2020-08-12,7.04,64,11.0,0.11
2020-08-13,7.7,70,11.0,0.11
2020-08-14,7.59,69,11.0,0.11
2020-08-15,7.04,64,11.0,0.11
2020-08-16,7.26,66,11.0,0.11
2020-08-17,9.02,82,11.0,0.11
2020-08-18,8.03,73,11.0,0.11
2020-08-19,7.15,65,11.0,0.11
2020-08-20,6.49,59,11.0,0.11
2020-08-21,6.38,58,11.0,0.11
2020-08-22,6.05,55,11.0,0.11
2020-08-23,5.39,49,11.0,0.11
2020-08-24,5.72,52,11.0,0.11
2020-08-25,6.16,56,11.0,0.11
2020-08-26,5.5,50,11.0,0.11
2020-08-27,5.5,50,11.0,0.11
2020-08-28,5.83,53,11.0,0.11
2020-08-29,4.51,41,11.0,0.11
2020-08-30,5.28,48,11.0,0.11
2020-08-31,5.61,51,11.0,0.11
2020-09-01,7.12,89,8.0,0.08
2020-09-02,7.2,90,8.0,0.08
2020-09-03,8.0,100,8.0,0.08
2020-09-04,7.92,99,8.0,0.08
2020-09-05,7.6000000000000005,95,8.0,0.08
2020-09-06,7.04,88,8.0,0.08
2020-09-07,6.88,86,8.0,0.08
2020-09-08,7.36,92,8.0,0.08
2020-09-09,5.84,73,8.0,0.08
2020-09-10,5.76,72,8.0,0.08
2020-09-11,5.44,68,8.0,0.08
2020-09-12,5.44,68,8.0,0.08
2020-09-13,5.6000000000000005,70,8.0,0.08
2020-09-14,5.5200000000000005,69,8.0,0.08
2020-09-15,6.16,77,8.0,0.08
2020-09-16,5.5200000000000005,69,8.0,0.08
2020-09-17,5.76,72,8.0,0.08
2020-09-18,5.6000000000000005,70,8.0,0.08
2020-09-19,5.36,67,8.0,0.08
2020-09-20,4.72,59,8.0,0.08
2020-09-21,5.68,71,8.0,0.08
2020-09-22,5.2,65,8.0,0.08
2020-09-23,5.36,67,8.0,0.08
2020-09-24,5.04,63,8.0,0.08
2020-09-25,5.2,65,8.0,0.08
2020-09-26,5.04,63,8.0,0.08
2020-09-27,4.64,58,8.0,0.08
2020-09-28,5.28,66,8.0,0.08
2020-09-29,5.28,66,8.0,0.08
2020-09-30,5.04,63,8.0,0.08
2020-10-01,4.2,42,10.0,0.1
2020-10-02,4.1000000000000005,41,10.0,0.1
2020-10-03,4.0,40,10.0,0.1
2020-10-04,3.7,37,10.0,0.1
2020-10-05,4.3,43,10.0,0.1
2020-10-06,3.8000000000000003,38,10.0,0.1
2020-10-07,3.9000000000000004,39,10.0,0.1
2020-10-08,4.6000000000000005,46,10.0,0.1
2020-10-09,4.800000000000001,48,10.0,0.1
2020-10-10,5.0,50,10.0,0.1
2020-10-11,4.2,42,10.0,0.1
2020-10-12,5.0,50,10.0,0.1
2020-10-13,5.0,50,10.0,0.1
2020-10-14,4.6000000000000005,46,10.0,0.1
2020-10-15,4.9,49,10.0,0.1
2020-10-16,4.6000000000000005,46,10.0,0.1
2020-10-17,4.2,42,10.0,0.1
2020-10-18,4.3,43,10.0,0.1
2020-10-19,4.9,49,10.0,0.1
2020-10-20,5.6000000000000005,56,10.0,0.1
2020-10-21,10.0,100,10.0,0.1
2020-10-22,10.0,100,10.0,0.1
2020-10-23,7.9,79,10.0,0.1
2020-10-24,6.7,67,10.0,0.1
2020-10-25,6.4,64,10.0,0.1
2020-10-26,7.2,72,10.0,0.1
2020-10-27,8.700000000000001,87,10.0,0.1
2020-10-28,8.4,84,10.0,0.1
2020-10-29,7.0,70,10.0,0.1
2020-10-30,6.9,69,10.0,0.1
2020-10-31,7.0,70,10.0,0.1
2020-11-01,7.56,42,18.0,0.18
2020-11-02,7.739999999999999,43,18.0,0.18
2020-11-03,7.02,39,18.0,0.18
2020-11-04,5.58,31,18.0,0.18
2020-11-05,9.9,55,18.0,0.18
2020-11-06,11.16,62,18.0,0.18
2020-11-07,8.1,45,18.0,0.18
2020-11-08,7.92,44,18.0,0.18
2020-11-09,9.54,53,18.0,0.18
2020-11-10,7.92,44,18.0,0.18
2020-11-11,8.82,49,18.0,0.18
2020-11-12,9.18,51,18.0,0.18
2020-11-13,10.98,61,18.0,0.18
2020-11-14,9.36,52,18.0,0.18
2020-11-15,7.739999999999999,43,18.0,0.18
2020-11-16,10.62,59,18.0,0.18
2020-11-17,14.399999999999999,80,18.0,0.18
2020-11-18,18.0,100,18.0,0.18
2020-11-19,13.68,76,18.0,0.18
2020-11-20,14.94,83,18.0,0.18
2020-11-21,14.399999999999999,80,18.0,0.18
2020-11-22,12.6,70,18.0,0.18
2020-11-23,13.86,77,18.0,0.18
2020-11-24,17.82,99,18.0,0.18
2020-11-25,16.2,90,18.0,0.18
2020-11-26,16.919999999999998,94,18.0,0.18
2020-11-27,14.58,81,18.0,0.18
2020-11-28,11.52,64,18.0,0.18
2020-11-29,11.34,63,18.0,0.18
2020-11-30,16.919999999999998,94,18.0,0.18
2020-12-01,11.75,47,25.0,0.25
2020-12-02,9.75,39,25.0,0.25
2020-12-03,9.25,37,25.0,0.25
2020-12-04,9.75,39,25.0,0.25
2020-12-05,8.0,32,25.0,0.25
2020-12-06,7.5,30,25.0,0.25
2020-12-07,8.5,34,25.0,0.25
2020-12-08,8.0,32,25.0,0.25
2020-12-09,8.25,33,25.0,0.25
2020-12-10,7.25,29,25.0,0.25
2020-12-11,7.75,31,25.0,0.25
2020-12-12,6.25,25,25.0,0.25
2020-12-13,6.5,26,25.0,0.25
2020-12-14,7.25,29,25.0,0.25
2020-12-15,7.75,31,25.0,0.25
2020-12-16,14.75,59,25.0,0.25
2020-12-17,25.0,100,25.0,0.25
2020-12-18,15.5,62,25.0,0.25
2020-12-19,13.5,54,25.0,0.25
2020-12-20,12.5,50,25.0,0.25
2020-12-21,12.75,51,25.0,0.25
2020-12-22,12.0,48,25.0,0.25
2020-12-23,12.0,48,25.0,0.25
2020-12-24,9.75,39,25.0,0.25
2020-12-25,10.5,42,25.0,0.25
2020-12-26,15.5,62,25.0,0.25
2020-12-27,19.25,77,25.0,0.25
2020-12-28,16.0,64,25.0,0.25
2020-12-29,15.25,61,25.0,0.25
2020-12-30,17.25,69,25.0,0.25
2020-12-31,16.5,66,25.0,0.25
2021-01-01,15.0,30,50.0,0.5
2021-01-02,30.5,61,50.0,0.5
2021-01-03,35.5,71,50.0,0.5
2021-01-04,29.5,59,50.0,0.5
2021-01-05,23.5,47,50.0,0.5
2021-01-06,27.5,55,50.0,0.5
2021-01-07,40.5,81,50.0,0.5
2021-01-08,42.0,84,50.0,0.5
2021-01-09,34.5,69,50.0,0.5
2021-01-10,31.0,62,50.0,0.5
2021-01-11,50.0,100,50.0,0.5
2021-01-12,35.0,70,50.0,0.5
2021-01-13,30.5,61,50.0,0.5
2021-01-14,31.5,63,50.0,0.5
2021-01-15,27.5,55,50.0,0.5
2021-01-16,20.5,41,50.0,0.5
2021-01-17,18.0,36,50.0,0.5
2021-01-18,17.0,34,50.0,0.5
2021-01-19,19.0,38,50.0,0.5
2021-01-20,17.5,35,50.0,0.5
2021-01-21,24.0,48,50.0,0.5
2021-01-22,27.0,54,50.0,0.5
2021-01-23,15.5,31,50.0,0.5
2021-01-24,14.0,28,50.0,0.5
2021-01-25,15.0,30,50.0,0.5
2021-01-26,14.5,29,50.0,0.5
2021-01-27,16.5,33,50.0,0.5
2021-01-28,19.0,38,50.0,0.5
2021-01-29,32.0,64,50.0,0.5
2021-01-30,19.0,38,50.0,0.5
2021-01-31,15.5,31,50.0,0.5
2021-02-01,17.85,35,51.0,0.51
2021-02-02,17.34,34,51.0,0.51
2021-02-03,17.85,35,51.0,0.51
2021-02-04,19.38,38,51.0,0.51
2021-02-05,17.85,35,51.0,0.51
2021-02-06,20.91,41,51.0,0.51
2021-02-07,18.87,37,51.0,0.51
2021-02-08,44.88,88,51.0,0.51
2021-02-09,51.0,100,51.0,0.51
2021-02-10,34.17,67,51.0,0.51
2021-02-11,34.17,67,51.0,0.51
2021-02-12,29.07,57,51.0,0.51
2021-02-13,20.91,41,51.0,0.51
2021-02-14,23.97,47,51.0,0.51
2021-02-15,26.52,52,51.0,0.51
2021-02-16,30.6,60,51.0,0.51
2021-02-17,34.17,67,51.0,0.51
2021-02-18,32.13,63,51.0,0.51
2021-02-19,36.21,71,51.0,0.51
2021-02-20,40.8,80,51.0,0.51
2021-02-21,33.15,65,51.0,0.51
2021-02-22,38.76,76,51.0,0.51
2021-02-23,46.92,92,51.0,0.51
2021-02-24,34.68,68,51.0,0.51
2021-02-25,29.580000000000002,58,51.0,0.51
2021-02-26,29.580000000000002,58,51.0,0.51
2021-02-27,20.4,40,51.0,0.51
2021-02-28,23.97,47,51.0,0.51
2021-03-01,34.65,99,35.0,0.35
2021-03-02,30.45,87,35.0,0.35
2021-03-03,26.95,77,35.0,0.35
2021-03-04,27.299999999999997,78,35.0,0.35
2021-03-05,26.95,77,35.0,0.35
2021-03-06,24.849999999999998,71,35.0,0.35
2021-03-07,23.45,67,35.0,0.35
2021-03-08,25.9,74,35.0,0.35
2021-03-09,29.4,84,35.0,0.35
2021-03-10,30.45,87,35.0,0.35
2021-03-11,26.599999999999998,76,35.0,0.35
2021-03-12,26.599999999999998,76,35.0,0.35
2021-03-13,35.0,100,35.0,0.35
2021-03-14,32.9,94,35.0,0.35
2021-03-15,33.599999999999994,96,35.0,0.35
2021-03-16,30.45,87,35.0,0.35
2021-03-17,27.299999999999997,78,35.0,0.35
2021-03-18,27.299999999999997,78,35.0,0.35
2021-03-19,25.9,74,35.0,0.35
2021-03-20,22.75,65,35.0,0.35
2021-03-21,22.049999999999997,63,35.0,0.35
2021-03-22,25.549999999999997,73,35.0,0.35
2021-03-23,26.599999999999998,76,35.0,0.35
2021-03-24,26.95,77,35.0,0.35
2021-03-25,29.4,84,35.0,0.35
2021-03-26,25.549999999999997,73,35.0,0.35
2021-03-27,22.75,65,35.0,0.35
2021-03-28,20.299999999999997,58,35.0,0.35
2021-03-29,23.45,67,35.0,0.35
2021-03-30,23.099999999999998,66,35.0,0.35
2021-03-31,24.849999999999998,71,35.0,0.35
2021-04-01,30.02,79,38.0,0.38
2021-04-02,19.38,51,38.0,0.38
2021-04-03,17.1,45,38.0,0.38
2021-04-04,15.2,40,38.0,0.38
2021-04-05,17.86,47,38.0,0.38
2021-04-06,18.62,49,38.0,0.38
2021-04-07,19.0,50,38.0,0.38
2021-04-08,16.72,44,38.0,0.38
2021-04-09,15.96,42,38.0,0.38
2021-04-10,18.240000000000002,48,38.0,0.38
2021-04-11,19.0,50,38.0,0.38
2021-04-12,17.86,47,38.0,0.38
2021-04-13,26.6,70,38.0,0.38
2021-04-14,33.44,88,38.0,0.38
2021-04-15,25.46,67,38.0,0.38
2021-04-16,33.06,87,38.0,0.38
2021-04-17,22.8,60,38.0,0.38
2021-04-18,37.24,98,38.0,0.38
2021-04-19,32.68,86,38.0,0.38
2021-04-20,28.12,74,38.0,0.38
2021-04-21,22.42,59,38.0,0.38
2021-04-22,25.84,68,38.0,0.38
2021-04-23,38.0,100,38.0,0.38
2021-04-24,26.22,69,38.0,0.38
2021-04-25,22.42,59,38.0,0.38
2021-04-26,27.36,72,38.0,0.38
2021-04-27,24.32,64,38.0,0.38
2021-04-28,20.9,55,38.0,0.38
2021-04-29,19.38,51,38.0,0.38
2021-04-30,18.240000000000002,48,38.0,0.38
2021-05-01,11.5,25,46.0,0.46
2021-05-02,11.040000000000001,24,46.0,0.46
2021-05-03,12.42,27,46.0,0.46
2021-05-04,13.34,29,46.0,0.46
2021-05-05,14.26,31,46.0,0.46
2021-05-06,12.42,27,46.0,0.46
2021-05-07,11.96,26,46.0,0.46
2021-05-08,12.42,27,46.0,0.46
2021-05-09,13.34,29,46.0,0.46
2021-05-10,12.88,28,46.0,0.46
2021-05-11,12.88,28,46.0,0.46
2021-05-12,15.180000000000001,33,46.0,0.46
2021-05-13,34.96,76,46.0,0.46
2021-05-14,17.48,38,46.0,0.46
2021-05-15,14.26,31,46.0,0.46
2021-05-16,16.560000000000002,36,46.0,0.46
2021-05-17,26.220000000000002,57,46.0,0.46
2021-05-18,17.94,39,46.0,0.46
2021-05-19,46.0,100,46.0,0.46
2021-05-20,34.04,74,46.0,0.46
2021-05-21,26.220000000000002,57,46.0,0.46
2021-05-22,21.16,46,46.0,0.46
2021-05-23,27.14,59,46.0,0.46
2021-05-24,26.68,58,46.0,0.46
2021-05-25,21.16,46,46.0,0.46
2021-05-26,16.560000000000002,36,46.0,0.46
2021-05-27,11.96,26,46.0,0.46
2021-05-28,13.8,30,46.0,0.46
2021-05-29,13.8,30,46.0,0.46
2021-05-30,12.88,28,46.0,0.46
2021-05-31,13.34,29,46.0,0.46
2021-06-01,19.2,60,32.0,0.32
2021-06-02,17.6,55,32.0,0.32
2021-06-03,16.96,53,32.0,0.32
2021-06-04,20.48,64,32.0,0.32
2021-06-05,18.88,59,32.0,0.32
2021-06-06,19.52,61,32.0,0.32
2021-06-07,19.52,61,32.0,0.32
2021-06-08,32.0,100,32.0,0.32
2021-06-09,26.88,84,32.0,0.32
2021-06-10,21.44,67,32.0,0.32
2021-06-11,18.56,58,32.0,0.32
2021-06-12,16.32,51,32.0,0.32
2021-06-13,17.28,54,32.0,0.32
2021-06-14,20.48,64,32.0,0.32
2021-06-15,17.6,55,32.0,0.32
2021-06-16,17.6,55,32.0,0.32
2021-06-17,16.96,53,32.0,0.32
2021-06-18,15.36,48,32.0,0.32
2021-06-19,13.76,43,32.0,0.32
2021-06-20,15.36,48,32.0,0.32
2021-06-21,22.400000000000002,70,32.0,0.32
2021-06-22,31.68,99,32.0,0.32
2021-06-23,22.400000000000002,70,32.0,0.32
2021-06-24,17.92,56,32.0,0.32
2021-06-25,16.96,53,32.0,0.32
2021-06-26,16.64,52,32.0,0.32
2021-06-27,16.0,50,32.0,0.32
2021-06-28,17.28,54,32.0,0.32
2021-06-29,16.32,51,32.0,0.32
2021-06-30,14.4,45,32.0,0.32
2021-07-01,11.88,54,22.0,0.22
2021-07-02,12.1,55,22.0,0.22
2021-07-03,11.88,54,22.0,0.22
2021-07-04,11.44,52,22.0,0.22
2021-07-05,12.76,58,22.0,0.22
2021-07-06,13.42,61,22.0,0.22
2021-07-07,10.78,49,22.0,0.22
2021-07-08,12.76,58,22.0,0.22
2021-07-09,11.44,52,22.0,0.22
2021-07-10,9.9,45,22.0,0.22
2021-07-11,10.12,46,22.0,0.22
2021-07-12,11.44,52,22.0,0.22
2021-07-13,11.44,52,22.0,0.22
2021-07-14,11.22,51,22.0,0.22
2021-07-15,11.0,50,22.0,0.22
2021-07-16,11.44,52,22.0,0.22
2021-07-17,10.34,47,22.0,0.22
2021-07-18,9.9,45,22.0,0.22
2021-07-19,13.64,62,22.0,0.22
2021-07-20,16.06,73,22.0,0.22
2021-07-21,13.86,63,22.0,0.22
2021-07-22,13.86,63,22.0,0.22
2021-07-23,11.0,50,22.0,0.22
2021-07-24,10.78,49,22.0,0.22
2021-07-25,11.44,52,22.0,0.22
2021-07-26,22.0,100,22.0,0.22
2021-07-27,15.84,72,22.0,0.22
2021-07-28,13.42,61,22.0,0.22
2021-07-29,12.98,59,22.0,0.22
2021-07-30,11.66,53,22.0,0.22
2021-07-31,12.32,56,22.0,0.22
2021-08-01,16.8,80,21.0,0.21
2021-08-02,17.009999999999998,81,21.0,0.21
2021-08-03,15.54,74,21.0,0.21
2021-08-04,15.75,75,21.0,0.21
2021-08-05,16.59,79,21.0,0.21
2021-08-06,20.16,96,21.0,0.21
2021-08-07,17.43,83,21.0,0.21
2021-08-08,19.11,91,21.0,0.21
2021-08-09,21.0,100,21.0,0.21
2021-08-10,19.11,91,21.0,0.21
2021-08-11,19.11,91,21.0,0.21
2021-08-12,18.689999999999998,89,21.0,0.21
2021-08-13,18.9,90,21.0,0.21
2021-08-14,17.009999999999998,81,21.0,0.21
2021-08-15,15.33,73,21.0,0.21
2021-08-16,17.64,84,21.0,0.21
2021-08-17,17.009999999999998,81,21.0,0.21
2021-08-18,15.75,75,21.0,0.21
2021-08-19,14.91,71,21.0,0.21
2021-08-20,17.009999999999998,81,21.0,0.21
2021-08-21,16.38,78,21.0,0.21
2021-08-22,14.7,70,21.0,0.21
2021-08-23,20.16,96,21.0,0.21
2021-08-24,17.22,82,21.0,0.21
2021-08-25,14.49,69,21.0,0.21
2021-08-26,15.959999999999999,76,21.0,0.21
2021-08-27,14.91,71,21.0,0.21
2021-08-28,13.65,65,21.0,0.21
2021-08-29,13.229999999999999,63,21.0,0.21
2021-08-30,13.44,64,21.0,0.21
2021-08-31,14.7,70,21.0,0.21
2021-09-01,9.45,45,21.0,0.21
2021-09-02,10.92,52,21.0,0.21
2021-09-03,11.76,56,21.0,0.21
2021-09-04,9.87,47,21.0,0.21
2021-09-05,10.29,49,21.0,0.21
2021-09-06,11.969999999999999,57,21.0,0.21
2021-09-07,21.0,100,21.0,0.21
2021-09-08,16.8,80,21.0,0.21
2021-09-09,13.44,64,21.0,0.21
2021-09-10,12.389999999999999,59,21.0,0.21
2021-09-11,10.08,48,21.0,0.21
2021-09-12,9.66,46,21.0,0.21
2021-09-13,10.92,52,21.0,0.21
2021-09-14,10.29,49,21.0,0.21
2021-09-15,11.129999999999999,53,21.0,0.21
2021-09-16,10.08,48,21.0,0.21
2021-09-17,9.66,46,21.0,0.21
2021-09-18,8.19,39,21.0,0.21
2021-09-19,7.9799999999999995,38,21.0,0.21
2021-09-20,13.44,64,21.0,0.21
2021-09-21,14.49,69,21.0,0.21
2021-09-22,11.34,54,21.0,0.21
2021-09-23,10.709999999999999,51,21.0,0.21
2021-09-24,16.59,79,21.0,0.21
2021-09-25,11.969999999999999,57,21.0,0.21
2021-09-26,9.24,44,21.0,0.21
2021-09-27,9.87,47,21.0,0.21
2021-09-28,10.5,50,21.0,0.21
2021-09-29,9.66,46,21.0,0.21
2021-09-30,10.5,50,21.0,0.21
2021-10-01,12.88,46,28.0,0.28
2021-10-02,10.64,38,28.0,0.28
2021-10-03,10.360000000000001,37,28.0,0.28
2021-10-04,11.48,41,28.0,0.28
2021-10-05,13.72,49,28.0,0.28
2021-10-06,15.96,57,28.0,0.28
2021-10-07,15.120000000000001,54,28.0,0.28
2021-10-08,13.160000000000002,47,28.0,0.28
2021-10-09,11.760000000000002,42,28.0,0.28
2021-10-10,12.32,44,28.0,0.28
2021-10-11,14.280000000000001,51,28.0,0.28
2021-10-12,14.840000000000002,53,28.0,0.28
2021-10-13,12.600000000000001,45,28.0,0.28
2021-10-14,13.72,49,28.0,0.28
2021-10-15,21.000000000000004,75,28.0,0.28
2021-10-16,16.8,60,28.0,0.28
2021-10-17,15.680000000000001,56,28.0,0.28
2021-10-18,17.92,64,28.0,0.28
2021-10-19,21.840000000000003,78,28.0,0.28
2021-10-20,28.000000000000004,100,28.0,0.28
2021-10-21,22.400000000000002,80,28.0,0.28
2021-10-22,17.92,64,28.0,0.28
2021-10-23,15.120000000000001,54,28.0,0.28
2021-10-24,14.280000000000001,51,28.0,0.28
2021-10-25,15.680000000000001,56,28.0,0.28
2021-10-26,22.400000000000002,80,28.0,0.28
2021-10-27,21.000000000000004,75,28.0,0.28
2021-10-28,16.8,60,28.0,0.28
2021-10-29,16.240000000000002,58,28.0,0.28
2021-10-30,14.000000000000002,50,28.0,0.28
2021-10-31,13.440000000000001,48,28.0,0.28
2021-11-01,16.900000000000002,65,26.0,0.26
2021-11-02,17.94,69,26.0,0.26
2021-11-03,17.68,68,26.0,0.26
2021-11-04,17.94,69,26.0,0.26
2021-11-05,16.38,63,26.0,0.26
2021-11-06,15.860000000000001,61,26.0,0.26
2021-11-07,14.56,56,26.0,0.26
2021-11-08,21.32,82,26.0,0.26
2021-11-09,26.0,100,26.0,0.26
2021-11-10,21.84,84,26.0,0.26
2021-11-11,18.98,73,26.0,0.26
2021-11-12,17.94,69,26.0,0.26
2021-11-13,16.900000000000002,65,26.0,0.26
2021-11-14,16.64,64,26.0,0.26
2021-11-15,18.46,71,26.0,0.26
2021-11-16,21.32,82,26.0,0.26
2021-11-17,18.98,73,26.0,0.26
2021-11-18,19.240000000000002,74,26.0,0.26
2021-11-19,18.46,71,26.0,0.26
2021-11-20,16.900000000000002,65,26.0,0.26
2021-11-21,15.600000000000001,60,26.0,0.26
2021-11-22,17.68,68,26.0,0.26
2021-11-23,17.94,69,26.0,0.26
2021-11-24,17.16,66,26.0,0.26
2021-11-25,15.860000000000001,61,26.0,0.26
2021-11-26,20.54,79,26.0,0.26
2021-11-27,19.5,75,26.0,0.26
2021-11-28,15.600000000000001,60,26.0,0.26
2021-11-29,16.64,64,26.0,0.26
2021-11-30,17.94,69,26.0,0.26
2021-12-01,11.25,45,25.0,0.25
2021-12-02,10.5,42,25.0,0.25
2021-12-03,10.5,42,25.0,0.25
2021-12-04,25.0,100,25.0,0.25
2021-12-05,17.5,70,25.0,0.25
2021-12-06,15.5,62,25.0,0.25
2021-12-07,13.75,55,25.0,0.25
2021-12-08,11.75,47,25.0,0.25
2021-12-09,12.5,50,25.0,0.25
2021-12-10,12.0,48,25.0,0.25
2021-12-11,11.0,44,25.0,0.25
2021-12-12,10.25,41,25.0,0.25
2021-12-13,13.25,53,25.0,0.25
2021-12-14,13.25,53,25.0,0.25
2021-12-15,12.75,51,25.0,0.25
2021-12-16,11.5,46,25.0,0.25
2021-12-17,11.25,45,25.0,0.25
2021-12-18,10.5,42,25.0,0.25
2021-12-19,9.0,36,25.0,0.25
2021-12-20,12.75,51,25.0,0.25
2021-12-21,11.25,45,25.0,0.25
2021-12-22,11.25,45,25.0,0.25
2021-12-23,10.75,43,25.0,0.25
2021-12-24,11.25,45,25.0,0.25
2021-12-25,10.5,42,25.0,0.25
2021-12-26,9.25,37,25.0,0.25
2021-12-27,10.25,41,25.0,0.25
2021-12-28,11.25,45,25.0,0.25
2021-12-29,10.75,43,25.0,0.25
2021-12-30,10.25,41,25.0,0.25
2021-12-31,9.25,37,25.0,0.25
2022-01-01,9.86,34,29.0,0.29
2022-01-02,10.149999999999999,35,29.0,0.29
2022-01-03,11.309999999999999,39,29.0,0.29
2022-01-04,11.309999999999999,39,29.0,0.29
2022-01-05,12.76,44,29.0,0.29
2022-01-06,16.24,56,29.0,0.29
2022-01-07,17.689999999999998,61,29.0,0.29
2022-01-08,16.529999999999998,57,29.0,0.29
2022-01-09,14.499999999999998,50,29.0,0.29
2022-01-10,15.659999999999998,54,29.0,0.29
2022-01-11,14.209999999999999,49,29.0,0.29
2022-01-12,12.76,44,29.0,0.29
2022-01-13,12.469999999999999,43,29.0,0.29
2022-01-14,10.149999999999999,35,29.0,0.29
2022-01-15,9.86,34,29.0,0.29
2022-01-16,9.569999999999999,33,29.0,0.29
2022-01-17,10.729999999999999,37,29.0,0.29
2022-01-18,11.889999999999999,41,29.0,0.29
2022-01-19,10.44,36,29.0,0.29
2022-01-20,11.02,38,29.0,0.29
2022-01-21,24.36,84,29.0,0.29
2022-01-22,28.13,97,29.0,0.29
2022-01-23,19.43,67,29.0,0.29
2022-01-24,28.999999999999996,100,29.0,0.29
2022-01-25,19.43,67,29.0,0.29
2022-01-26,17.689999999999998,61,29.0,0.29
2022-01-27,15.659999999999998,54,29.0,0.29
2022-01-28,14.79,51,29.0,0.29
2022-01-29,14.499999999999998,50,29.0,0.29
2022-01-30,12.18,42,29.0,0.29
2022-01-31,13.34,46,29.0,0.29
2022-02-01,15.36,64,24.0,0.24
2022-02-02,14.639999999999999,61,24.0,0.24
2022-02-03,14.399999999999999,60,24.0,0.24
2022-02-04,15.36,64,24.0,0.24
2022-02-05,15.12,63,24.0,0.24
2022-02-06,12.959999999999999,54,24.0,0.24
2022-02-07,17.28,72,24.0,0.24
2022-02-08,15.84,66,24.0,0.24
2022-02-09,17.759999999999998,74,24.0,0.24
2022-02-10,13.92,58,24.0,0.24
2022-02-11,13.68,57,24.0,0.24
2022-02-12,12.48,52,24.0,0.24
2022-02-13,11.76,49,24.0,0.24
2022-02-14,14.16,59,24.0,0.24
2022-02-15,13.92,58,24.0,0.24
2022-02-16,12.719999999999999,53,24.0,0.24
2022-02-17,13.44,56,24.0,0.24
2022-02-18,14.16,59,24.0,0.24
2022-02-19,12.0,50,24.0,0.24
2022-02-20,13.44,56,24.0,0.24
2022-02-21,14.16,59,24.0,0.24
2022-02-22,15.6,65,24.0,0.24
2022-02-23,14.639999999999999,61,24.0,0.24
2022-02-24,24.0,100,24.0,0.24
2022-02-25,17.52,73,24.0,0.24
2022-02-26,12.959999999999999,54,24.0,0.24
2022-02-27,13.44,56,24.0,0.24
2022-02-28,15.36,64,24.0,0.24
2022-03-01,19.0,100,19.0,0.19
2022-03-02,16.72,88,19.0,0.19
2022-03-03,15.2,80,19.0,0.19
2022-03-04,14.82,78,19.0,0.19
2022-03-05,13.3,70,19.0,0.19
2022-03-06,12.92,68,19.0,0.19
2022-03-07,15.2,80,19.0,0.19
2022-03-08,15.39,81,19.0,0.19
2022-03-09,17.48,92,19.0,0.19
2022-03-10,16.15,85,19.0,0.19
2022-03-11,14.82,78,19.0,0.19
2022-03-12,12.540000000000001,66,19.0,0.19
2022-03-13,11.4,60,19.0,0.19
2022-03-14,14.82,78,19.0,0.19
2022-03-15,12.73,67,19.0,0.19
2022-03-16,13.870000000000001,73,19.0,0.19
2022-03-17,13.3,70,19.0,0.19
2022-03-18,13.11,69,19.0,0.19
2022-03-19,12.540000000000001,66,19.0,0.19
2022-03-20,11.78,62,19.0,0.19
2022-03-21,12.16,64,19.0,0.19
2022-03-22,13.11,69,19.0,0.19
2022-03-23,13.3,70,19.0,0.19
2022-03-24,14.25,75,19.0,0.19
2022-03-25,13.68,72,19.0,0.19
2022-03-26,11.59,61,19.0,0.19
2022-03-27,12.35,65,19.0,0.19
2022-03-28,13.3,70,19.0,0.19
2022-03-29,13.68,72,19.0,0.19
2022-03-30,13.49,71,19.0,0.19
2022-03-31,11.97,63,19.0,0.19
2022-04-01,12.8,80,16.0,0.16
2022-04-02,12.48,78,16.0,0.16
2022-04-03,12.32,77,16.0,0.16
2022-04-04,12.8,80,16.0,0.16
2022-04-05,13.120000000000001,82,16.0,0.16
2022-04-06,13.44,84,16.0,0.16
2022-04-07,14.24,89,16.0,0.16
2022-04-08,13.280000000000001,83,16.0,0.16
2022-04-09,12.8,80,16.0,0.16
2022-04-10,12.32,77,16.0,0.16
2022-04-11,16.0,100,16.0,0.16
2022-04-12,14.72,92,16.0,0.16
2022-04-13,12.96,81,16.0,0.16
2022-04-14,12.96,81,16.0,0.16
2022-04-15,12.32,77,16.0,0.16
2022-04-16,10.88,68,16.0,0.16
2022-04-17,10.88,68,16.0,0.16
2022-04-18,13.44,84,16.0,0.16
2022-04-19,12.0,75,16.0,0.16
2022-04-20,12.0,75,16.0,0.16
2022-04-21,12.32,77,16.0,0.16
2022-04-22,12.32,77,16.0,0.16
2022-04-23,11.040000000000001,69,16.0,0.16
2022-04-24,10.4,65,16.0,0.16
2022-04-25,12.64,79,16.0,0.16
2022-04-26,13.92,87,16.0,0.16
2022-04-27,12.64,79,16.0,0.16
2022-04-28,11.68,73,16.0,0.16
2022-04-29,11.84,74,16.0,0.16
2022-04-30,11.200000000000001,70,16.0,0.16
2022-05-01,6.0,25,24.0,0.24
2022-05-02,6.24,26,24.0,0.24
2022-05-03,5.52,23,24.0,0.24
2022-05-04,5.76,24,24.0,0.24
2022-05-05,6.96,29,24.0,0.24
2022-05-06,8.16,34,24.0,0.24
2022-05-07,6.24,26,24.0,0.24
2022-05-08,7.68,32,24.0,0.24
2022-05-09,14.399999999999999,60,24.0,0.24
2022-05-10,13.92,58,24.0,0.24
2022-05-11,16.56,69,24.0,0.24
2022-05-12,24.0,100,24.0,0.24
2022-05-13,17.759999999999998,74,24.0,0.24
2022-05-14,12.0,50,24.0,0.24
2022-05-15,10.799999999999999,45,24.0,0.24
2022-05-16,12.48,52,24.0,0.24
2022-05-17,10.08,42,24.0,0.24
2022-05-18,9.84,41,24.0,0.24
2022-05-19,10.08,42,24.0,0.24
2022-05-20,9.12,38,24.0,0.24
2022-05-21,8.16,34,24.0,0.24
2022-05-22,7.68,32,24.0,0.24
2022-05-23,8.16,34,24.0,0.24
2022-05-24,9.12,38,24.0,0.24
2022-05-25,7.68,32,24.0,0.24
2022-05-26,7.68,32,24.0,0.24
2022-05-27,7.68,32,24.0,0.24
2022-05-28,6.96,29,24.0,0.24
2022-05-29,6.0,25,24.0,0.24
2022-05-30,7.199999999999999,30,24.0,0.24
2022-05-31,7.68,32,24.0,0.24
2022-06-01,8.68,28,31.0,0.31
2022-06-02,8.68,28,31.0,0.31
2022-06-03,8.37,27,31.0,0.31
2022-06-04,7.4399999999999995,24,31.0,0.31
2022-06-05,7.13,23,31.0,0.31
2022-06-06,8.37,27,31.0,0.31
2022-06-07,8.68,28,31.0,0.31
2022-06-08,8.06,26,31.0,0.31
2022-06-09,7.75,25,31.0,0.31
2022-06-10,8.68,28,31.0,0.31
2022-06-11,8.99,29,31.0,0.31
2022-06-12,10.85,35,31.0,0.31
2022-06-13,30.69,99,31.0,0.31
2022-06-14,31.0,100,31.0,0.31
2022-06-15,26.66,86,31.0,0.31
2022-06-16,22.32,72,31.0,0.31
2022-06-17,19.84,64,31.0,0.31
2022-06-18,28.52,92,31.0,0.31
2022-06-19,30.07,97,31.0,0.31
2022-06-20,21.39,69,31.0,0.31
2022-06-21,17.36,56,31.0,0.31
2022-06-22,14.879999999999999,48,31.0,0.31
2022-06-23,13.02,42,31.0,0.31
2022-06-24,12.4,40,31.0,0.31
2022-06-25,9.92,32,31.0,0.31
2022-06-26,9.92,32,31.0,0.31
2022-06-27,11.78,38,31.0,0.31
2022-06-28,11.47,37,31.0,0.31
2022-06-29,11.78,38,31.0,0.31
2022-06-30,13.64,44,31.0,0.31
2022-07-01,21.0,100,21.0,0.21
2022-07-02,18.9,90,21.0,0.21
2022-07-03,18.689999999999998,89,21.0,0.21
2022-07-04,20.16,96,21.0,0.21
2022-07-05,20.16,96,21.0,0.21
2022-07-06,16.59,79,21.0,0.21
2022-07-07,16.59,79,21.0,0.21
2022-07-08,16.59,79,21.0,0.21
2022-07-09,14.28,68,21.0,0.21
2022-07-10,13.86,66,21.0,0.21
2022-07-11,17.22,82,21.0,0.21
2022-07-12,17.22,82,21.0,0.21
2022-07-13,17.22,82,21.0,0.21
2022-07-14,17.43,83,21.0,0.21
2022-07-15,17.43,83,21.0,0.21
2022-07-16,13.02,62,21.0,0.21
2022-07-17,13.02,62,21.0,0.21
2022-07-18,16.38,78,21.0,0.21
2022-07-19,16.8,80,21.0,0.21
2022-07-20,19.95,95,21.0,0.21
2022-07-21,18.9,90,21.0,0.21
2022-07-22,15.959999999999999,76,21.0,0.21
2022-07-23,13.44,64,21.0,0.21
2022-07-24,11.969999999999999,57,21.0,0.21
2022-07-25,14.07,67,21.0,0.21
2022-07-26,14.28,68,21.0,0.21
2022-07-27,13.86,66,21.0,0.21
2022-07-28,13.44,64,21.0,0.21
2022-07-29,13.86,66,21.0,0.21
2022-07-30,11.549999999999999,55,21.0,0.21
2022-07-31,11.129999999999999,53,21.0,0.21
2022-08-01,14.7,98,15.0,0.15
2022-08-02,13.95,93,15.0,0.15
2022-08-03,13.95,93,15.0,0.15
2022-08-04,13.35,89,15.0,0.15
2022-08-05,12.9,86,15.0,0.15
2022-08-06,10.95,73,15.0,0.15
2022-08-07,10.799999999999999,72,15.0,0.15
2022-08-08,14.1,94,15.0,0.15
2022-08-09,12.9,86,15.0,0.15
2022-08-10,14.1,94,15.0,0.15
2022-08-11,14.1,94,15.0,0.15
2022-08-12,13.35,89,15.0,0.15
2022-08-13,10.95,73,15.0,0.15
2022-08-14,11.4,76,15.0,0.15
2022-08-15,12.299999999999999,82,15.0,0.15
2022-08-16,12.299999999999999,82,15.0,0.15
2022-08-17,12.299999999999999,82,15.0,0.15
2022-08-18,11.7,78,15.0,0.15
2022-08-19,15.0,100,15.0,0.15
2022-08-20,12.75,85,15.0,0.15
2022-08-21,11.7,78,15.0,0.15
2022-08-22,13.5,90,15.0,0.15
2022-08-23,11.549999999999999,77,15.0,0.15
2022-08-24,11.7,78,15.0,0.15
2022-08-25,11.4,76,15.0,0.15
2022-08-26,13.35,89,15.0,0.15
2022-08-27,12.9,86,15.0,0.15
2022-08-28,12.15,81,15.0,0.15
2022-08-29,13.799999999999999,92,15.0,0.15
2022-08-30,12.9,86,15.0,0.15
2022-08-31,12.299999999999999,82,15.0,0.15
2022-09-01,11.48,82,14.0,0.14
2022-09-02,10.22,73,14.0,0.14
2022-09-03,9.24,66,14.0,0.14
2022-09-04,8.96,64,14.0,0.14
2022-09-05,10.080000000000002,72,14.0,0.14
2022-09-06,12.600000000000001,90,14.0,0.14
2022-09-07,14.000000000000002,100,14.0,0.14
